Workbook

Sheet Summary
A1: FX control variables: summary
A2: Daily time series, January 2000 to 14 October 2026. Prepared 14 Oct 2026 for the Fintech Practicum.
A4: What's done
A5: • Downloaded the source files from FRED, the RBNZ, ALFRED (St. Louis Fed) and Stats NZ through the Claude desktop browser, then read and processed them.
A6: • Built one row per weekday from 3 Jan 2000 to 14 Oct 2026. Missing values are left blank, not filled in.
A7: • Wrote the differentials and release-day dummies as Excel formulas, so they update if inputs change.
A8: • Checked the workbook: formulas recalculate with no errors; the differentials match the source data exactly; release counts are 321 US CPI, 321 payrolls and 112 NZ releases.
A10: What's in the workbook
A11: Summary | B11: This page.
A12: Daily_Data | B12: The time series: one row per weekday with the US 2y, NZ 2y swap, NZ 2y government yields, both differentials, VIX and the release-day dummies.
A13: Notes | B13: Source, coverage and caveats for each column, plus the NZ calendar coverage-start setting (cell B5).
A14: Release_Calendar | B14: Every release date found, with local, UTC and New York times. The release-day dummies read from this sheet.
A15: Splice_Check | B15: How closely the NZ swap and NZ government bond yield match over 2011–2017.
A17: Status by variable
A18: VIX | B18: COMPLETE. 3 Jan 2000 to 13 Oct 2026. The only blanks are US market holidays.
A19: US 2-year Treasury | B19: COMPLETE. 3 Jan 2000 to 9 Oct 2026. The only blanks are US market holidays.
A20: NZ–US 2y differential | B20: PARTIAL. Arman's version (NZ swap minus US Treasury) starts 5 Jan 2011, because the RBNZ has no free daily swap data before then. For 2000–2010 the NZ 2y government bond yield is spliced in, and nz_leg_is_govt_bond = 1 marks those rows. Caveats: the bond yield's daily moves track the swap less closely (correlation 0.53 vs 0.96 in levels), and the bond flows we study could move it. Bloomberg or LSEG would have the real pre-2011 swap history.
A21: US release days | B21: COMPLETE. CPI and payrolls from 2000, including the 2025 shutdown delays.
A22: NZ release days | B22: PARTIAL. GDP, CPI and labour market from mid-2017 only. Before 15 Jun 2017 the NZ columns are blank, not 0. Stats NZ closed its archive site; no free source found for 2000–2007. Bloomberg release-date history would fill the whole gap.
A24: Timing
A25: NZ data comes out at 10:45am NZ time, which is the previous evening in New York. If NZD/USD prices are taken at the New York close, consider moving the NZ release dummies one day earlier. Release_Calendar has UTC and New York timestamps for this.
A27: Text for the team
A28: VIX and US release days (CPI and payrolls) are complete for Jan 2000 to present. The NZ–US 2y differential has gaps: the RBNZ's daily NZ 2y swap only starts in Jan 2011. I've filled 2000–2010 with the NZ 2y government bond yield and flagged those rows, with caveats in the file. NZ release dates (GDP, CPI, labour market) only exist from mid-2017 because Stats NZ closed its archive. Does anyone have Bloomberg access? It would give us the pre-2011 NZD 2y swap and the NZ release dates for 2000–2017.
A30: Sources
A31: FRED DGS2 | B31: https://fred.stlouisfed.org/series/DGS2
A32: FRED VIXCLS | B32: https://fred.stlouisfed.org/series/VIXCLS
A33: RBNZ B2 wholesale interest rates | B33: https://www.rbnz.govt.nz/statistics/series/exchange-and-interest-rates/wholesale-interest-rates
A34: ALFRED PAYEMS (payrolls release dates) | B34: https://alfred.stlouisfed.org/series?seid=PAYEMS
A35: ALFRED CPIAUCNS (CPI release dates) | B35: https://alfred.stlouisfed.org/series?seid=CPIAUCNS
A36: Stats NZ A–Z of information releases | B36: https://www.stats.govt.nz/az-of-information-releases
A37: Stats NZ archive website notice | B37: https://www.stats.govt.nz/about-us/stats-nz-archive-website/

Sheet Notes
A1: FX control variables: data pull, January 2000 to 14 October 2026
A2: Prepared 14 Oct 2026 for the Fintech Practicum. Sources and gaps are listed below.
A4: Settings
A5: NZ release calendar coverage start (NZ dummies are blank before this date) | B5: 42901
A7: Variable | B7: Status / source / notes
A8: 1. Monetary policy: NZ–US 2-year differential
A9: us_2y_treasury | B9: COMPLETE 3 Jan 2000 to 9 Oct 2026. FRED DGS2 (Board of Governors H.15), daily. Blank days are US market holidays.
A10: nz_2y_swap | B10: PARTIAL: 5 Jan 2011 to 13 Oct 2026. RBNZ B2 "Daily close" files (1985–2017 and 2018–current), series INM.DS02.NZZC. RBNZ publishes no daily 2-year swap before 5 Jan 2011. We checked the current files and the unlinked legacy B2 files (hb2-daily.xlsx, hb2-daily-1985-2017.xlsx, hb2-monthly.xlsx); none has swaps before 2011.
A11: nz_2y_govt_11am | B11: Fallback for 2000–2010: RBNZ legacy B2 daily file (hb2-daily-1985-2017.xlsx), series INM.DG102.N, the 2-year government bond yield at about 11am. Covers 2000–2017 (4,232 of 4,523 days).
A12: nz_2y_govt_close | B12: Reference only: RBNZ B2 closing 2-year government bond yield (INM.DG102.NZZCF), 29 Jan 2009 onward, with gaps.
A13: diff_2y_swap_minus_ust | B13: Arman's specification: NZ 2y swap minus US 2y Treasury. Available from 5 Jan 2011 only. Excel formula.
A14: nz_2y_spliced / diff_2y_spliced | B14: PROPOSED MERGE for the full window: NZ 2y swap from 5 Jan 2011, NZ 2y government bond yield (11am) before that, minus the US 2y. nz_leg_is_govt_bond = 1 marks the pre-2011 rows. See the Splice_Check sheet.
A15: Why the merge is defensible | B15: Over the 2011–2017 overlap the two NZ series move almost one-for-one in levels (correlation 0.96) and both track RBNZ policy expectations at the 2-year horizon. Include nz_leg_is_govt_bond in the regression (or interact it with the differential): it absorbs the level gap between the instruments, which averaged +0.21 pp (sd 0.14) in 2011–2017.
A16: Caveats on the merge | B16: (a) Daily changes match less well: correlation 0.53 for the 11am govt yield vs the swap close, 0.78 close-to-close. So the pre-2011 series is noisier as a daily control. (b) Arman preferred the swap because government bond yields can be moved by the bond flows we study. That concern applies to 2000–2010 under the merge. (c) Robustness check: re-run on the 2011+ sample with the pure swap differential.
A17: Better fix if the team has Bloomberg/LSEG | B17: A daily NZD 2y swap history before 2011 exists in Bloomberg and LSEG (Refinitiv); LSEG is RBNZ's own data source. Pulling it there would remove the need for the merge.
A18: 2. Real growth: major data release day
A19: rel_us_cpi | B19: COMPLETE 2000 to 14 Oct 2026. Release dates are the ALFRED vintage dates of CPIAUCNS (non-seasonally-adjusted CPI is only revised when a new CPI comes out, so each vintage date is a release day). One duplicate vintage that was not a release was removed: 28 Sep 2000. The 2025 shutdown is reflected: there was no October 2025 CPI release, and the 24 Oct and 18 Dec 2025 releases are included.
A20: rel_us_nfp | B20: COMPLETE 2000 to 2 Oct 2026. Release dates are the ALFRED vintage dates of PAYEMS (Employment Situation report). Three correction vintages that were not report days were removed: 9 Dec 2002, 10 Oct 2003, 11 May 2020. The delayed shutdown reports (20 Nov and 16 Dec 2025) are included.
A21: rel_nz_cpi / rel_nz_gdp / rel_nz_labour | B21: PARTIAL: mid-2017 to Sep 2026 only (GDP from 15 Jun 2017, CPI from 18 Jul 2017, labour market from 2 Aug 2017). Source: Stats NZ information-release listings, with dates and 10:45am NZT times. Before 15 Jun 2017 these columns are BLANK, not 0, so missing dates are not mistaken for "no release".
A22: Why NZ 2000–2017 is missing | B22: Stats NZ has closed its archive website (archive.stats.govt.nz), where the pre-2017 releases lived. Internet Archive copies of the release pages exist for about 2008–2017 and include the embargo date, but the archive limits how fast pages can be requested, and that pull was stopped. For 2000–2007 we found no free source.
A23: Options to fill NZ 2000–2017 | B23: (1) Bloomberg: the release-date history field (ECO_RELEASE_DT) for the NZ CPI, GDP and unemployment-rate tickers covers back to the 1990s. This is the cleanest fix. (2) Resume the Internet Archive pull for 2008–2017 (slow; leaves 2000–2007 open). (3) Ask Stats NZ (info@stats.govt.nz) for its historical release calendar.
A24: major_release_day | B24: Equals 1 if any US or NZ release falls on that date. Before 15 Jun 2017 it reflects US releases only, so use the NZ-specific columns or restrict the sample when NZ releases matter.
A25: Timing caution | B25: NZ releases come out at 10:45am NZT, which is the previous evening in New York (about 5:45pm EDT or 4:45pm EST). Dummies are dated by the local release date. If NZD/USD is measured at the New York close, consider shifting the NZ dummies one day earlier. Release_Calendar includes UTC and New York timestamps for this.
A26: 3. Currency risk: VIX
A27: vix | B27: COMPLETE 3 Jan 2000 to 13 Oct 2026. FRED VIXCLS (CBOE), daily close. Blank days are US market holidays.
A29: General | B29: Daily_Data has one row per weekday. Blanks are left blank: no forward-filling or interpolation, so the team can choose its own rule. The differential and release-day columns are Excel formulas.
A30: Raw files | B30: FRED CSVs (DGS2, VIXCLS), RBNZ B2 xlsx files, ALFRED vintage-date lists and the Stats NZ release list were downloaded on 14 Oct 2026 and are available on request.

Sheet Regression Control Panel
A1: date | B1: vix | C1: treasury_swap_merged | D1: us_release
A2: =Daily_Data!A2 -> 36528 | B2: =Daily_Data!J2 -> 24.21 | C2: =Daily_Data!I2 | D2: =if(sum(Daily_Data!K2:L2)>0,1,0) -> 0
A3: =Daily_Data!A3 -> 36529 | B3: =Daily_Data!J3 -> 27.01 | C3: =Daily_Data!I3 | D3: =if(sum(Daily_Data!K3:L3)>0,1,0) -> 0
A4: =Daily_Data!A4 -> 36530 | B4: =Daily_Data!J4 -> 26.41 | C4: =Daily_Data!I4 -> 0.31 | D4: =if(sum(Daily_Data!K4:L4)>0,1,0) -> 0
A5: =Daily_Data!A5 -> 36531 | B5: =Daily_Data!J5 -> 25.73 | C5: =Daily_Data!I5 -> 0.41 | D5: =if(sum(Daily_Data!K5:L5)>0,1,0) -> 0
A6: =Daily_Data!A6 -> 36532 | B6: =Daily_Data!J6 -> 21.72 | C6: =Daily_Data!I6 -> 0.47 | D6: =if(sum(Daily_Data!K6:L6)>0,1,0) -> 1
A7: =Daily_Data!A7 -> 36535 | B7: =Daily_Data!J7 -> 21.71 | C7: =Daily_Data!I7 -> 0.38 | D7: =if(sum(Daily_Data!K7:L7)>0,1,0) -> 0
A8: =Daily_Data!A8 -> 36536 | B8: =Daily_Data!J8 -> 22.5 | C8: =Daily_Data!I8 -> 0.31 | D8: =if(sum(Daily_Data!K8:L8)>0,1,0) -> 0
A9: =Daily_Data!A9 -> 36537 | B9: =Daily_Data!J9 -> 22.84 | C9: =Daily_Data!I9 -> 0.39 | D9: =if(sum(Daily_Data!K9:L9)>0,1,0) -> 0
A10: =Daily_Data!A10 -> 36538 | B10: =Daily_Data!J10 -> 21.71 | C10: =Daily_Data!I10 -> 0.48 | D10: =if(sum(Daily_Data!K10:L10)>0,1,0) -> 0
A11: =Daily_Data!A11 -> 36539 | B11: =Daily_Data!J11 -> 19.66 | C11: =Daily_Data!I11 -> 0.38 | D11: =if(sum(Daily_Data!K11:L11)>0,1,0) -> 1
A12: =Daily_Data!A12 -> 36542 | B12: =Daily_Data!J12 | C12: =Daily_Data!I12 | D12: =if(sum(Daily_Data!K12:L12)>0,1,0) -> 0
A13: =Daily_Data!A13 -> 36543 | B13: =Daily_Data!J13 -> 21.5 | C13: =Daily_Data!I13 -> 0.42 | D13: =if(sum(Daily_Data!K13:L13)>0,1,0) -> 0
... A6989: =Daily_Data!A6989 -> 46309 | B6989: =Daily_Data!J6989 | C6989: =Daily_Data!I6989 | D6989: =if(sum(Daily_Data!K6989:L6989)>0,1,0) -> 1
A6990: =Daily_Data!A6990 | B6990: =Daily_Data!J6990 | C6990: =Daily_Data!I6990
A6991: =Daily_Data!A6991 | B6991: =Daily_Data!J6991 | C6991: =Daily_Data!I6991
A6992: =Daily_Data!A6992 | B6992: =Daily_Data!J6992 | C6992: =Daily_Data!I6992
A6993: =Daily_Data!A6993 | B6993: =Daily_Data!J6993 | C6993: =Daily_Data!I6993
A6994: =Daily_Data!A6994 | B6994: =Daily_Data!J6994 | C6994: =Daily_Data!I6994
A6995: =Daily_Data!A6995 | B6995: =Daily_Data!J6995 | C6995: =Daily_Data!I6995
A6996: =Daily_Data!A6996 | B6996: =Daily_Data!J6996 | C6996: =Daily_Data!I6996
A6997: =Daily_Data!A6997 | B6997: =Daily_Data!J6997 | C6997: =Daily_Data!I6997
A6998: =Daily_Data!A6998 | B6998: =Daily_Data!J6998 | C6998: =Daily_Data!I6998
A6999: =Daily_Data!A6999 | B6999: =Daily_Data!J6999 | C6999: =Daily_Data!I6999

Sheet Daily_Data
A1: date | B1: us_2y_treasury | C1: nz_2y_swap | D1: nz_2y_govt_11am | E1: nz_2y_govt_close | F1: diff_2y_swap_minus_ust | G1: nz_2y_spliced | H1: nz_leg_is_govt_bond | I1: diff_2y_spliced | J1: vix | K1: rel_us_cpi | L1: rel_us_nfp | M1: rel_nz_cpi | N1: rel_nz_gdp | O1: rel_nz_labour | P1: major_release_day
A2: 36528 | B2: 6.38 | F2: =IF(OR(B2="",C2=""),"",C2-B2) | G2: =IF(H2=1,IF(D2="","",D2),IF(C2="","",C2)) | H2: 1 | I2: =IF(OR(B2="",G2=""),"",G2-B2) | J2: 24.21 | K2: =IF(COUNTIFS(Release_Calendar!$A$2:$A$755,"US_CPI",Release_Calendar!$B$2:$B$755,$A2)>0,1,0) -> 0 | L2: =IF(COUNTIFS(Release_Calendar!$A$2:$A$755,"US_NFP",Release_Calendar!$B$2:$B$755,$A2)>0,1,0) -> 0 | M2: =IF($A2<Notes!$B$5,"",IF(COUNTIFS(Release_Calendar!$A$2:$A$755,"NZ_CPI",Release_Calendar!$B$2:$B$755,$A2)>0,1,0)) | N2: =IF($A2<Notes!$B$5,"",IF(COUNTIFS(Release_Calendar!$A$2:$A$755,"NZ_GDP",Release_Calendar!$B$2:$B$755,$A2)>0,1,0)) | O2: =IF($A2<Notes!$B$5,"",IF(COUNTIFS(Release_Calendar!$A$2:$A$755,"NZ_LABOUR",Release_Calendar!$B$2:$B$755,$A2)>0,1,0)) | P2: =IF(SUM(K2:O2)>0,1,0) -> 0
A3: 36529 | B3: 6.3 | F3: =IF(OR(B3="",C3=""),"",C3-B3) | G3: =IF(H3=1,IF(D3="","",D3),IF(C3="","",C3)) | H3: 1 | I3: =IF(OR(B3="",G3=""),"",G3-B3) | J3: 27.01 | K3: =IF(COUNTIFS(Release_Calendar!$A$2:$A$755,"US_CPI",Release_Calendar!$B$2:$B$755,$A3)>0,1,0) -> 0 | L3: =IF(COUNTIFS(Release_Calendar!$A$2:$A$755,"US_NFP",Release_Calendar!$B$2:$B$755,$A3)>0,1,0) -> 0 | M3: =IF($A3<Notes!$B$5,"",IF(COUNTIFS(Release_Calendar!$A$2:$A$755,"NZ_CPI",Release_Calendar!$B$2:$B$755,$A3)>0,1,0)) | N3: =IF($A3<Notes!$B$5,"",IF(COUNTIFS(Release_Calendar!$A$2:$A$755,"NZ_GDP",Release_Calendar!$B$2:$B$755,$A3)>0,1,0)) | O3: =IF($A3<Notes!$B$5,"",IF(COUNTIFS(Release_Calendar!$A$2:$A$755,"NZ_LABOUR",Release_Calendar!$B$2:$B$755,$A3)>0,1,0)) | P3: =IF(SUM(K3:O3)>0,1,0) -> 0
A4: 36530 | B4: 6.38 | D4: 6.69 | F4: =IF(OR(B4="",C4=""),"",C4-B4) | G4: =IF(H4=1,IF(D4="","",D4),IF(C4="","",C4)) -> 6.69 | H4: 1 | I4: =IF(OR(B4="",G4=""),"",G4-B4) -> 0.31 | J4: 26.41 | K4: =IF(COUNTIFS(Release_Calendar!$A$2:$A$755,"US_CPI",Release_Calendar!$B$2:$B$755,$A4)>0,1,0) -> 0 | L4: =IF(COUNTIFS(Release_Calendar!$A$2:$A$755,"US_NFP",Release_Calendar!$B$2:$B$755,$A4)>0,1,0) -> 0 | M4: =IF($A4<Notes!$B$5,"",IF(COUNTIFS(Release_Calendar!$A$2:$A$755,"NZ_CPI",Release_Calendar!$B$2:$B$755,$A4)>0,1,0)) | N4: =IF($A4<Notes!$B$5,"",IF(COUNTIFS(Release_Calendar!$A$2:$A$755,"NZ_GDP",Release_Calendar!$B$2:$B$755,$A4)>0,1,0)) | O4: =IF($A4<Notes!$B$5,"",IF(COUNTIFS(Release_Calendar!$A$2:$A$755,"NZ_LABOUR",Release_Calendar!$B$2:$B$755,$A4)>0,1,0)) | P4: =IF(SUM(K4:O4)>0,1,0) -> 0
A5: 36531 | B5: 6.35 | D5: 6.76 | F5: =IF(OR(B5="",C5=""),"",C5-B5) | G5: =IF(H5=1,IF(D5="","",D5),IF(C5="","",C5)) -> 6.76 | H5: 1 | I5: =IF(OR(B5="",G5=""),"",G5-B5) -> 0.41 | J5: 25.73 | K5: =IF(COUNTIFS(Release_Calendar!$A$2:$A$755,"US_CPI",Release_Calendar!$B$2:$B$755,$A5)>0,1,0) -> 0 | L5: =IF(COUNTIFS(Release_Calendar!$A$2:$A$755,"US_NFP",Release_Calendar!$B$2:$B$755,$A5)>0,1,0) -> 0 | M5: =IF($A5<Notes!$B$5,"",IF(COUNTIFS(Release_Calendar!$A$2:$A$755,"NZ_CPI",Release_Calendar!$B$2:$B$755,$A5)>0,1,0)) | N5: =IF($A5<Notes!$B$5,"",IF(COUNTIFS(Release_Calendar!$A$2:$A$755,"NZ_GDP",Release_Calendar!$B$2:$B$755,$A5)>0,1,0)) | O5: =IF($A5<Notes!$B$5,"",IF(COUNTIFS(Release_Calendar!$A$2:$A$755,"NZ_LABOUR",Release_Calendar!$B$2:$B$755,$A5)>0,1,0)) | P5: =IF(SUM(K5:O5)>0,1,0) -> 0
A6: 36532 | B6: 6.31 | D6: 6.78 | F6: =IF(OR(B6="",C6=""),"",C6-B6) | G6: =IF(H6=1,IF(D6="","",D6),IF(C6="","",C6)) -> 6.78 | H6: 1 | I6: =IF(OR(B6="",G6=""),"",G6-B6) -> 0.47 | J6: 21.72 | K6: =IF(COUNTIFS(Release_Calendar!$A$2:$A$755,"US_CPI",Release_Calendar!$B$2:$B$755,$A6)>0,1,0) -> 0 | L6: =IF(COUNTIFS(Release_Calendar!$A$2:$A$755,"US_NFP",Release_Calendar!$B$2:$B$755,$A6)>0,1,0) -> 1 | M6: =IF($A6<Notes!$B$5,"",IF(COUNTIFS(Release_Calendar!$A$2:$A$755,"NZ_CPI",Release_Calendar!$B$2:$B$755,$A6)>0,1,0)) | N6: =IF($A6<Notes!$B$5,"",IF(COUNTIFS(Release_Calendar!$A$2:$A$755,"NZ_GDP",Release_Calendar!$B$2:$B$755,$A6)>0,1,0)) | O6: =IF($A6<Notes!$B$5,"",IF(COUNTIFS(Release_Calendar!$A$2:$A$755,"NZ_LABOUR",Release_Calendar!$B$2:$B$755,$A6)>0,1,0)) | P6: =IF(SUM(K6:O6)>0,1,0) -> 1
A7: 36535 | B7: 6.38 | D7: 6.76 | F7: =IF(OR(B7="",C7=""),"",C7-B7) | G7: =IF(H7=1,IF(D7="","",D7),IF(C7="","",C7)) -> 6.76 | H7: 1 | I7: =IF(OR(B7="",G7=""),"",G7-B7) -> 0.38 | J7: 21.71 | K7: =IF(COUNTIFS(Release_Calendar!$A$2:$A$755,"US_CPI",Release_Calendar!$B$2:$B$755,$A7)>0,1,0) -> 0 | L7: =IF(COUNTIFS(Release_Calendar!$A$2:$A$755,"US_NFP",Release_Calendar!$B$2:$B$755,$A7)>0,1,0) -> 0 | M7: =IF($A7<Notes!$B$5,"",IF(COUNTIFS(Release_Calendar!$A$2:$A$755,"NZ_CPI",Release_Calendar!$B$2:$B$755,$A7)>0,1,0)) | N7: =IF($A7<Notes!$B$5,"",IF(COUNTIFS(Release_Calendar!$A$2:$A$755,"NZ_GDP",Release_Calendar!$B$2:$B$755,$A7)>0,1,0)) | O7: =IF($A7<Notes!$B$5,"",IF(COUNTIFS(Release_Calendar!$A$2:$A$755,"NZ_LABOUR",Release_Calendar!$B$2:$B$755,$A7)>0,1,0)) | P7: =IF(SUM(K7:O7)>0,1,0) -> 0
A8: 36536 | B8: 6.45 | D8: 6.76 | F8: =IF(OR(B8="",C8=""),"",C8-B8) | G8: =IF(H8=1,IF(D8="","",D8),IF(C8="","",C8)) -> 6.76 | H8: 1 | I8: =IF(OR(B8="",G8=""),"",G8-B8) -> 0.31 | J8: 22.5 | K8: =IF(COUNTIFS(Release_Calendar!$A$2:$A$755,"US_CPI",Release_Calendar!$B$2:$B$755,$A8)>0,1,0) -> 0 | L8: =IF(COUNTIFS(Release_Calendar!$A$2:$A$755,"US_NFP",Release_Calendar!$B$2:$B$755,$A8)>0,1,0) -> 0 | M8: =IF($A8<Notes!$B$5,"",IF(COUNTIFS(Release_Calendar!$A$2:$A$755,"NZ_CPI",Release_Calendar!$B$2:$B$755,$A8)>0,1,0)) | N8: =IF($A8<Notes!$B$5,"",IF(COUNTIFS(Release_Calendar!$A$2:$A$755,"NZ_GDP",Release_Calendar!$B$2:$B$755,$A8)>0,1,0)) | O8: =IF($A8<Notes!$B$5,"",IF(COUNTIFS(Release_Calendar!$A$2:$A$755,"NZ_LABOUR",Release_Calendar!$B$2:$B$755,$A8)>0,1,0)) | P8: =IF(SUM(K8:O8)>0,1,0) -> 0
A9: 36537 | B9: 6.49 | D9: 6.88 | F9: =IF(OR(B9="",C9=""),"",C9-B9) | G9: =IF(H9=1,IF(D9="","",D9),IF(C9="","",C9)) -> 6.88 | H9: 1 | I9: =IF(OR(B9="",G9=""),"",G9-B9) -> 0.39 | J9: 22.84 | K9: =IF(COUNTIFS(Release_Calendar!$A$2:$A$755,"US_CPI",Release_Calendar!$B$2:$B$755,$A9)>0,1,0) -> 0 | L9: =IF(COUNTIFS(Release_Calendar!$A$2:$A$755,"US_NFP",Release_Calendar!$B$2:$B$755,$A9)>0,1,0) -> 0 | M9: =IF($A9<Notes!$B$5,"",IF(COUNTIFS(Release_Calendar!$A$2:$A$755,"NZ_CPI",Release_Calendar!$B$2:$B$755,$A9)>0,1,0)) | N9: =IF($A9<Notes!$B$5,"",IF(COUNTIFS(Release_Calendar!$A$2:$A$755,"NZ_GDP",Release_Calendar!$B$2:$B$755,$A9)>0,1,0)) | O9: =IF($A9<Notes!$B$5,"",IF(COUNTIFS(Release_Calendar!$A$2:$A$755,"NZ_LABOUR",Release_Calendar!$B$2:$B$755,$A9)>0,1,0)) | P9: =IF(SUM(K9:O9)>0,1,0) -> 0
A10: 36538 | B10: 6.4 | D10: 6.88 | F10: =IF(OR(B10="",C10=""),"",C10-B10) | G10: =IF(H10=1,IF(D10="","",D10),IF(C10="","",C10)) -> 6.88 | H10: 1 | I10: =IF(OR(B10="",G10=""),"",G10-B10) -> 0.48 | J10: 21.71 | K10: =IF(COUNTIFS(Release_Calendar!$A$2:$A$755,"US_CPI",Release_Calendar!$B$2:$B$755,$A10)>0,1,0) -> 0 | L10: =IF(COUNTIFS(Release_Calendar!$A$2:$A$755,"US_NFP",Release_Calendar!$B$2:$B$755,$A10)>0,1,0) -> 0 | M10: =IF($A10<Notes!$B$5,"",IF(COUNTIFS(Release_Calendar!$A$2:$A$755,"NZ_CPI",Release_Calendar!$B$2:$B$755,$A10)>0,1,0)) | N10: =IF($A10<Notes!$B$5,"",IF(COUNTIFS(Release_Calendar!$A$2:$A$755,"NZ_GDP",Release_Calendar!$B$2:$B$755,$A10)>0,1,0)) | O10: =IF($A10<Notes!$B$5,"",IF(COUNTIFS(Release_Calendar!$A$2:$A$755,"NZ_LABOUR",Release_Calendar!$B$2:$B$755,$A10)>0,1,0)) | P10: =IF(SUM(K10:O10)>0,1,0) -> 0
A11: 36539 | B11: 6.44 | D11: 6.82 | F11: =IF(OR(B11="",C11=""),"",C11-B11) | G11: =IF(H11=1,IF(D11="","",D11),IF(C11="","",C11)) -> 6.82 | H11: 1 | I11: =IF(OR(B11="",G11=""),"",G11-B11) -> 0.38 | J11: 19.66 | K11: =IF(COUNTIFS(Release_Calendar!$A$2:$A$755,"US_CPI",Release_Calendar!$B$2:$B$755,$A11)>0,1,0) -> 1 | L11: =IF(COUNTIFS(Release_Calendar!$A$2:$A$755,"US_NFP",Release_Calendar!$B$2:$B$755,$A11)>0,1,0) -> 0 | M11: =IF($A11<Notes!$B$5,"",IF(COUNTIFS(Release_Calendar!$A$2:$A$755,"NZ_CPI",Release_Calendar!$B$2:$B$755,$A11)>0,1,0)) | N11: =IF($A11<Notes!$B$5,"",IF(COUNTIFS(Release_Calendar!$A$2:$A$755,"NZ_GDP",Release_Calendar!$B$2:$B$755,$A11)>0,1,0)) | O11: =IF($A11<Notes!$B$5,"",IF(COUNTIFS(Release_Calendar!$A$2:$A$755,"NZ_LABOUR",Release_Calendar!$B$2:$B$755,$A11)>0,1,0)) | P11: =IF(SUM(K11:O11)>0,1,0) -> 1
A12: 36542 | D12: 6.86 | F12: =IF(OR(B12="",C12=""),"",C12-B12) | G12: =IF(H12=1,IF(D12="","",D12),IF(C12="","",C12)) -> 6.86 | H12: 1 | I12: =IF(OR(B12="",G12=""),"",G12-B12) | K12: =IF(COUNTIFS(Release_Calendar!$A$2:$A$755,"US_CPI",Release_Calendar!$B$2:$B$755,$A12)>0,1,0) -> 0 | L12: =IF(COUNTIFS(Release_Calendar!$A$2:$A$755,"US_NFP",Release_Calendar!$B$2:$B$755,$A12)>0,1,0) -> 0 | M12: =IF($A12<Notes!$B$5,"",IF(COUNTIFS(Release_Calendar!$A$2:$A$755,"NZ_CPI",Release_Calendar!$B$2:$B$755,$A12)>0,1,0)) | N12: =IF($A12<Notes!$B$5,"",IF(COUNTIFS(Release_Calendar!$A$2:$A$755,"NZ_GDP",Release_Calendar!$B$2:$B$755,$A12)>0,1,0)) | O12: =IF($A12<Notes!$B$5,"",IF(COUNTIFS(Release_Calendar!$A$2:$A$755,"NZ_LABOUR",Release_Calendar!$B$2:$B$755,$A12)>0,1,0)) | P12: =IF(SUM(K12:O12)>0,1,0) -> 0
A13: 36543 | B13: 6.47 | D13: 6.89 | F13: =IF(OR(B13="",C13=""),"",C13-B13) | G13: =IF(H13=1,IF(D13="","",D13),IF(C13="","",C13)) -> 6.89 | H13: 1 | I13: =IF(OR(B13="",G13=""),"",G13-B13) -> 0.42 | J13: 21.5 | K13: =IF(COUNTIFS(Release_Calendar!$A$2:$A$755,"US_CPI",Release_Calendar!$B$2:$B$755,$A13)>0,1,0) -> 0 | L13: =IF(COUNTIFS(Release_Calendar!$A$2:$A$755,"US_NFP",Release_Calendar!$B$2:$B$755,$A13)>0,1,0) -> 0 | M13: =IF($A13<Notes!$B$5,"",IF(COUNTIFS(Release_Calendar!$A$2:$A$755,"NZ_CPI",Release_Calendar!$B$2:$B$755,$A13)>0,1,0)) | N13: =IF($A13<Notes!$B$5,"",IF(COUNTIFS(Release_Calendar!$A$2:$A$755,"NZ_GDP",Release_Calendar!$B$2:$B$755,$A13)>0,1,0)) | O13: =IF($A13<Notes!$B$5,"",IF(COUNTIFS(Release_Calendar!$A$2:$A$755,"NZ_LABOUR",Release_Calendar!$B$2:$B$755,$A13)>0,1,0)) | P13: =IF(SUM(K13:O13)>0,1,0) -> 0
A14: 36544 | B14: 6.46 | D14: 7.02 | F14: =IF(OR(B14="",C14=""),"",C14-B14) | G14: =IF(H14=1,IF(D14="","",D14),IF(C14="","",C14)) -> 7.02 | H14: 1 | I14: =IF(OR(B14="",G14=""),"",G14-B14) -> 0.56 | J14: 21.72 | K14: =IF(COUNTIFS(Release_Calendar!$A$2:$A$755,"US_CPI",Release_Calendar!$B$2:$B$755,$A14)>0,1,0) -> 0 | L14: =IF(COUNTIFS(Release_Calendar!$A$2:$A$755,"US_NFP",Release_Calendar!$B$2:$B$755,$A14)>0,1,0) -> 0 | M14: =IF($A14<Notes!$B$5,"",IF(COUNTIFS(Release_Calendar!$A$2:$A$755,"NZ_CPI",Release_Calendar!$B$2:$B$755,$A14)>0,1,0)) | N14: =IF($A14<Notes!$B$5,"",IF(COUNTIFS(Release_Calendar!$A$2:$A$755,"NZ_GDP",Release_Calendar!$B$2:$B$755,$A14)>0,1,0)) | O14: =IF($A14<Notes!$B$5,"",IF(COUNTIFS(Release_Calendar!$A$2:$A$755,"NZ_LABOUR",Release_Calendar!$B$2:$B$755,$A14)>0,1,0)) | P14: =IF(SUM(K14:O14)>0,1,0) -> 0
A15: 36545 | B15: 6.49 | D15: 6.95 | F15: =IF(OR(B15="",C15=""),"",C15-B15) | G15: =IF(H15=1,IF(D15="","",D15),IF(C15="","",C15)) -> 6.95 | H15: 1 | I15: =IF(OR(B15="",G15=""),"",G15-B15) -> 0.46 | J15: 21.75 | K15: =IF(COUNTIFS(Release_Calendar!$A$2:$A$755,"US_CPI",Release_Calendar!$B$2:$B$755,$A15)>0,1,0) -> 0 | L15: =IF(COUNTIFS(Release_Calendar!$A$2:$A$755,"US_NFP",Release_Calendar!$B$2:$B$755,$A15)>0,1,0) -> 0 | M15: =IF($A15<Notes!$B$5,"",IF(COUNTIFS(Release_Calendar!$A$2:$A$755,"NZ_CPI",Release_Calendar!$B$2:$B$755,$A15)>0,1,0)) | N15: =IF($A15<Notes!$B$5,"",IF(COUNTIFS(Release_Calendar!$A$2:$A$755,"NZ_GDP",Release_Calendar!$B$2:$B$755,$A15)>0,1,0)) | O15: =IF($A15<Notes!$B$5,"",IF(COUNTIFS(Release_Calendar!$A$2:$A$755,"NZ_LABOUR",Release_Calendar!$B$2:$B$755,$A15)>0,1,0)) | P15: =IF(SUM(K15:O15)>0,1,0) -> 0
A16: 36546 | B16: 6.48 | D16: 6.96 | F16: =IF(OR(B16="",C16=""),"",C16-B16) | G16: =IF(H16=1,IF(D16="","",D16),IF(C16="","",C16)) -> 6.96 | H16: 1 | I16: =IF(OR(B16="",G16=""),"",G16-B16) -> 0.48 | J16: 20.82 | K16: =IF(COUNTIFS(Release_Calendar!$A$2:$A$755,"US_CPI",Release_Calendar!$B$2:$B$755,$A16)>0,1,0) -> 0 | L16: =IF(COUNTIFS(Release_Calendar!$A$2:$A$755,"US_NFP",Release_Calendar!$B$2:$B$755,$A16)>0,1,0) -> 0 | M16: =IF($A16<Notes!$B$5,"",IF(COUNTIFS(Release_Calendar!$A$2:$A$755,"NZ_CPI",Release_Calendar!$B$2:$B$755,$A16)>0,1,0)) | N16: =IF($A16<Notes!$B$5,"",IF(COUNTIFS(Release_Calendar!$A$2:$A$755,"NZ_GDP",Release_Calendar!$B$2:$B$755,$A16)>0,1,0)) | O16: =IF($A16<Notes!$B$5,"",IF(COUNTIFS(Release_Calendar!$A$2:$A$755,"NZ_LABOUR",Release_Calendar!$B$2:$B$755,$A16)>0,1,0)) | P16: =IF(SUM(K16:O16)>0,1,0) -> 0
A17: 36549 | B17: 6.43 | D17: 6.96 | F17: =IF(OR(B17="",C17=""),"",C17-B17) | G17: =IF(H17=1,IF(D17="","",D17),IF(C17="","",C17)) -> 6.96 | H17: 1 | I17: =IF(OR(B17="",G17=""),"",G17-B17) -> 0.53 | J17: 24.07 | K17: =IF(COUNTIFS(Release_Calendar!$A$2:$A$755,"US_CPI",Release_Calendar!$B$2:$B$755,$A17)>0,1,0) -> 0 | L17: =IF(COUNTIFS(Release_Calendar!$A$2:$A$755,"US_NFP",Release_Calendar!$B$2:$B$755,$A17)>0,1,0) -> 0 | M17: =IF($A17<Notes!$B$5,"",IF(COUNTIFS(Release_Calendar!$A$2:$A$755,"NZ_CPI",Release_Calendar!$B$2:$B$755,$A17)>0,1,0)) | N17: =IF($A17<Notes!$B$5,"",IF(COUNTIFS(Release_Calendar!$A$2:$A$755,"NZ_GDP",Release_Calendar!$B$2:$B$755,$A17)>0,1,0)) | O17: =IF($A17<Notes!$B$5,"",IF(COUNTIFS(Release_Calendar!$A$2:$A$755,"NZ_LABOUR",Release_Calendar!$B$2:$B$755,$A17)>0,1,0)) | P17: =IF(SUM(K17:O17)>0,1,0) -> 0
A18: 36550 | B18: 6.44 | D18: 6.96 | F18: =IF(OR(B18="",C18=""),"",C18-B18) | G18: =IF(H18=1,IF(D18="","",D18),IF(C18="","",C18)) -> 6.96 | H18: 1 | I18: =IF(OR(B18="",G18=""),"",G18-B18) -> 0.52 | J18: 23.02 | K18: =IF(COUNTIFS(Release_Calendar!$A$2:$A$755,"US_CPI",Release_Calendar!$B$2:$B$755,$A18)>0,1,0) -> 0 | L18: =IF(COUNTIFS(Release_Calendar!$A$2:$A$755,"US_NFP",Release_Calendar!$B$2:$B$755,$A18)>0,1,0) -> 0 | M18: =IF($A18<Notes!$B$5,"",IF(COUNTIFS(Release_Calendar!$A$2:$A$755,"NZ_CPI",Release_Calendar!$B$2:$B$755,$A18)>0,1,0)) | N18: =IF($A18<Notes!$B$5,"",IF(COUNTIFS(Release_Calendar!$A$2:$A$755,"NZ_GDP",Release_Calendar!$B$2:$B$755,$A18)>0,1,0)) | O18: =IF($A18<Notes!$B$5,"",IF(COUNTIFS(Release_Calendar!$A$2:$A$755,"NZ_LABOUR",Release_Calendar!$B$2:$B$755,$A18)>0,1,0)) | P18: =IF(SUM(K18:O18)>0,1,0) -> 0
A19: 36551 | B19: 6.45 | D19: 6.95 | F19: =IF(OR(B19="",C19=""),"",C19-B19) | G19: =IF(H19=1,IF(D19="","",D19),IF(C19="","",C19)) -> 6.95 | H19: 1 | I19: =IF(OR(B19="",G19=""),"",G19-B19) -> 0.5 | J19: 23.03 | K19: =IF(COUNTIFS(Release_Calendar!$A$2:$A$755,"US_CPI",Release_Calendar!$B$2:$B$755,$A19)>0,1,0) -> 0 | L19: =IF(COUNTIFS(Release_Calendar!$A$2:$A$755,"US_NFP",Release_Calendar!$B$2:$B$755,$A19)>0,1,0) -> 0 | M19: =IF($A19<Notes!$B$5,"",IF(COUNTIFS(Release_Calendar!$A$2:$A$755,"NZ_CPI",Release_Calendar!$B$2:$B$755,$A19)>0,1,0)) | N19: =IF($A19<Notes!$B$5,"",IF(COUNTIFS(Release_Calendar!$A$2:$A$755,"NZ_GDP",Release_Calendar!$B$2:$B$755,$A19)>0,1,0)) | O19: =IF($A19<Notes!$B$5,"",IF(COUNTIFS(Release_Calendar!$A$2:$A$755,"NZ_LABOUR",Release_Calendar!$B$2:$B$755,$A19)>0,1,0)) | P19: =IF(SUM(K19:O19)>0,1,0) -> 0
A20: 36552 | B20: 6.51 | D20: 6.91 | F20: =IF(OR(B20="",C20=""),"",C20-B20) | G20: =IF(H20=1,IF(D20="","",D20),IF(C20="","",C20)) -> 6.91 | H20: 1 | I20: =IF(OR(B20="",G20=""),"",G20-B20) -> 0.4 | J20: 23.54 | K20: =IF(COUNTIFS(Release_Calendar!$A$2:$A$755,"US_CPI",Release_Calendar!$B$2:$B$755,$A20)>0,1,0) -> 0 | L20: =IF(COUNTIFS(Release_Calendar!$A$2:$A$755,"US_NFP",Release_Calendar!$B$2:$B$755,$A20)>0,1,0) -> 0 | M20: =IF($A20<Notes!$B$5,"",IF(COUNTIFS(Release_Calendar!$A$2:$A$755,"NZ_CPI",Release_Calendar!$B$2:$B$755,$A20)>0,1,0)) | N20: =IF($A20<Notes!$B$5,"",IF(COUNTIFS(Release_Calendar!$A$2:$A$755,"NZ_GDP",Release_Calendar!$B$2:$B$755,$A20)>0,1,0)) | O20: =IF($A20<Notes!$B$5,"",IF(COUNTIFS(Release_Calendar!$A$2:$A$755,"NZ_LABOUR",Release_Calendar!$B$2:$B$755,$A20)>0,1,0)) | P20: =IF(SUM(K20:O20)>0,1,0) -> 0
A21: 36553 | B21: 6.58 | D21: 6.92 | F21: =IF(OR(B21="",C21=""),"",C21-B21) | G21: =IF(H21=1,IF(D21="","",D21),IF(C21="","",C21)) -> 6.92 | H21: 1 | I21: =IF(OR(B21="",G21=""),"",G21-B21) -> 0.34 | J21: 26.14 | K21: =IF(COUNTIFS(Release_Calendar!$A$2:$A$755,"US_CPI",Release_Calendar!$B$2:$B$755,$A21)>0,1,0) -> 0 | L21: =IF(COUNTIFS(Release_Calendar!$A$2:$A$755,"US_NFP",Release_Calendar!$B$2:$B$755,$A21)>0,1,0) -> 0 | M21: =IF($A21<Notes!$B$5,"",IF(COUNTIFS(Release_Calendar!$A$2:$A$755,"NZ_CPI",Release_Calendar!$B$2:$B$755,$A21)>0,1,0)) | N21: =IF($A21<Notes!$B$5,"",IF(COUNTIFS(Release_Calendar!$A$2:$A$755,"NZ_GDP",Release_Calendar!$B$2:$B$755,$A21)>0,1,0)) | O21: =IF($A21<Notes!$B$5,"",IF(COUNTIFS(Release_Calendar!$A$2:$A$755,"NZ_LABOUR",Release_Calendar!$B$2:$B$755,$A21)>0,1,0)) | P21: =IF(SUM(K21:O21)>0,1,0) -> 0
A22: 36556 | B22: 6.61 | D22: 7 | F22: =IF(OR(B22="",C22=""),"",C22-B22) | G22: =IF(H22=1,IF(D22="","",D22),IF(C22="","",C22)) -> 7 | H22: 1 | I22: =IF(OR(B22="",G22=""),"",G22-B22) -> 0.39 | J22: 24.95 | K22: =IF(COUNTIFS(Release_Calendar!$A$2:$A$755,"US_CPI",Release_Calendar!$B$2:$B$755,$A22)>0,1,0) -> 0 | L22: =IF(COUNTIFS(Release_Calendar!$A$2:$A$755,"US_NFP",Release_Calendar!$B$2:$B$755,$A22)>0,1,0) -> 0 | M22: =IF($A22<Notes!$B$5,"",IF(COUNTIFS(Release_Calendar!$A$2:$A$755,"NZ_CPI",Release_Calendar!$B$2:$B$755,$A22)>0,1,0)) | N22: =IF($A22<Notes!$B$5,"",IF(COUNTIFS(Release_Calendar!$A$2:$A$755,"NZ_GDP",Release_Calendar!$B$2:$B$755,$A22)>0,1,0)) | O22: =IF($A22<Notes!$B$5,"",IF(COUNTIFS(Release_Calendar!$A$2:$A$755,"NZ_LABOUR",Release_Calendar!$B$2:$B$755,$A22)>0,1,0)) | P22: =IF(SUM(K22:O22)>0,1,0) -> 0
A23: 36557 | B23: 6.6 | D23: 7.01 | F23: =IF(OR(B23="",C23=""),"",C23-B23) | G23: =IF(H23=1,IF(D23="","",D23),IF(C23="","",C23)) -> 7.01 | H23: 1 | I23: =IF(OR(B23="",G23=""),"",G23-B23) -> 0.41 | J23: 23.45 | K23: =IF(COUNTIFS(Release_Calendar!$A$2:$A$755,"US_CPI",Release_Calendar!$B$2:$B$755,$A23)>0,1,0) -> 0 | L23: =IF(COUNTIFS(Release_Calendar!$A$2:$A$755,"US_NFP",Release_Calendar!$B$2:$B$755,$A23)>0,1,0) -> 0 | M23: =IF($A23<Notes!$B$5,"",IF(COUNTIFS(Release_Calendar!$A$2:$A$755,"NZ_CPI",Release_Calendar!$B$2:$B$755,$A23)>0,1,0)) | N23: =IF($A23<Notes!$B$5,"",IF(COUNTIFS(Release_Calendar!$A$2:$A$755,"NZ_GDP",Release_Calendar!$B$2:$B$755,$A23)>0,1,0)) | O23: =IF($A23<Notes!$B$5,"",IF(COUNTIFS(Release_Calendar!$A$2:$A$755,"NZ_LABOUR",Release_Calendar!$B$2:$B$755,$A23)>0,1,0)) | P23: =IF(SUM(K23:O23)>0,1,0) -> 0
A24: 36558 | B24: 6.63 | D24: 7 | F24: =IF(OR(B24="",C24=""),"",C24-B24) | G24: =IF(H24=1,IF(D24="","",D24),IF(C24="","",C24)) -> 7 | H24: 1 | I24: =IF(OR(B24="",G24=""),"",G24-B24) -> 0.37 | J24: 23.12 | K24: =IF(COUNTIFS(Release_Calendar!$A$2:$A$755,"US_CPI",Release_Calendar!$B$2:$B$755,$A24)>0,1,0) -> 0 | L24: =IF(COUNTIFS(Release_Calendar!$A$2:$A$755,"US_NFP",Release_Calendar!$B$2:$B$755,$A24)>0,1,0) -> 0 | M24: =IF($A24<Notes!$B$5,"",IF(COUNTIFS(Release_Calendar!$A$2:$A$755,"NZ_CPI",Release_Calendar!$B$2:$B$755,$A24)>0,1,0)) | N24: =IF($A24<Notes!$B$5,"",IF(COUNTIFS(Release_Calendar!$A$2:$A$755,"NZ_GDP",Release_Calendar!$B$2:$B$755,$A24)>0,1,0)) | O24: =IF($A24<Notes!$B$5,"",IF(COUNTIFS(Release_Calendar!$A$2:$A$755,"NZ_LABOUR",Release_Calendar!$B$2:$B$755,$A24)>0,1,0)) | P24: =IF(SUM(K24:O24)>0,1,0) -> 0
... A36: 36574 | B36: 6.66 | D36: 7.07 | F36: =IF(OR(B36="",C36=""),"",C36-B36) | G36: =IF(H36=1,IF(D36="","",D36),IF(C36="","",C36)) -> 7.07 | H36: 1 | I36: =IF(OR(B36="",G36=""),"",G36-B36) -> 0.41 | J36: 26 | K36: =IF(COUNTIFS(Release_Calendar!$A$2:$A$755,"US_CPI",Release_Calendar!$B$2:$B$755,$A36)>0,1,0) -> 1 | L36: =IF(COUNTIFS(Release_Calendar!$A$2:$A$755,"US_NFP",Release_Calendar!$B$2:$B$755,$A36)>0,1,0) -> 0 | M36: =IF($A36<Notes!$B$5,"",IF(COUNTIFS(Release_Calendar!$A$2:$A$755,"NZ_CPI",Release_Calendar!$B$2:$B$755,$A36)>0,1,0)) | N36: =IF($A36<Notes!$B$5,"",IF(COUNTIFS(Release_Calendar!$A$2:$A$755,"NZ_GDP",Release_Calendar!$B$2:$B$755,$A36)>0,1,0)) | O36: =IF($A36<Notes!$B$5,"",IF(COUNTIFS(Release_Calendar!$A$2:$A$755,"NZ_LABOUR",Release_Calendar!$B$2:$B$755,$A36)>0,1,0)) | P36: =IF(SUM(K36:O36)>0,1,0) -> 1
A37: 36577 | D37: 7.03 | F37: =IF(OR(B37="",C37=""),"",C37-B37) | G37: =IF(H37=1,IF(D37="","",D37),IF(C37="","",C37)) -> 7.03 | H37: 1 | I37: =IF(OR(B37="",G37=""),"",G37-B37) | K37: =IF(COUNTIFS(Release_Calendar!$A$2:$A$755,"US_CPI",Release_Calendar!$B$2:$B$755,$A37)>0,1,0) -> 0 | L37: =IF(COUNTIFS(Release_Calendar!$A$2:$A$755,"US_NFP",Release_Calendar!$B$2:$B$755,$A37)>0,1,0) -> 0 | M37: =IF($A37<Notes!$B$5,"",IF(COUNTIFS(Release_Calendar!$A$2:$A$755,"NZ_CPI",Release_Calendar!$B$2:$B$755,$A37)>0,1,0)) | N37: =IF($A37<Notes!$B$5,"",IF(COUNTIFS(Release_Calendar!$A$2:$A$755,"NZ_GDP",Release_Calendar!$B$2:$B$755,$A37)>0,1,0)) | O37: =IF($A37<Notes!$B$5,"",IF(COUNTIFS(Release_Calendar!$A$2:$A$755,"NZ_LABOUR",Release_Calendar!$B$2:$B$755,$A37)>0,1,0)) | P37: =IF(SUM(K37:O37)>0,1,0) -> 0
A38: 36578 | B38: 6.57 | D38: 7.03 | F38: =IF(OR(B38="",C38=""),"",C38-B38) | G38: =IF(H38=1,IF(D38="","",D38),IF(C38="","",C38)) -> 7.03 | H38: 1 | I38: =IF(OR(B38="",G38=""),"",G38-B38) -> 0.46 | J38: 25.86 | K38: =IF(COUNTIFS(Release_Calendar!$A$2:$A$755,"US_CPI",Release_Calendar!$B$2:$B$755,$A38)>0,1,0) -> 0 | L38: =IF(COUNTIFS(Release_Calendar!$A$2:$A$755,"US_NFP",Release_Calendar!$B$2:$B$755,$A38)>0,1,0) -> 0 | M38: =IF($A38<Notes!$B$5,"",IF(COUNTIFS(Release_Calendar!$A$2:$A$755,"NZ_CPI",Release_Calendar!$B$2:$B$755,$A38)>0,1,0)) | N38: =IF($A38<Notes!$B$5,"",IF(COUNTIFS(Release_Calendar!$A$2:$A$755,"NZ_GDP",Release_Calendar!$B$2:$B$755,$A38)>0,1,0)) | O38: =IF($A38<Notes!$B$5,"",IF(COUNTIFS(Release_Calendar!$A$2:$A$755,"NZ_LABOUR",Release_Calendar!$B$2:$B$755,$A38)>0,1,0)) | P38: =IF(SUM(K38:O38)>0,1,0) -> 0
A39: 36579 | B39: 6.61 | D39: 6.98 | F39: =IF(OR(B39="",C39=""),"",C39-B39) | G39: =IF(H39=1,IF(D39="","",D39),IF(C39="","",C39)) -> 6.98 | H39: 1 | I39: =IF(OR(B39="",G39=""),"",G39-B39) -> 0.37 | J39: 23.89 | K39: =IF(COUNTIFS(Release_Calendar!$A$2:$A$755,"US_CPI",Release_Calendar!$B$2:$B$755,$A39)>0,1,0) -> 0 | L39: =IF(COUNTIFS(Release_Calendar!$A$2:$A$755,"US_NFP",Release_Calendar!$B$2:$B$755,$A39)>0,1,0) -> 0 | M39: =IF($A39<Notes!$B$5,"",IF(COUNTIFS(Release_Calendar!$A$2:$A$755,"NZ_CPI",Release_Calendar!$B$2:$B$755,$A39)>0,1,0)) | N39: =IF($A39<Notes!$B$5,"",IF(COUNTIFS(Release_Calendar!$A$2:$A$755,"NZ_GDP",Release_Calendar!$B$2:$B$755,$A39)>0,1,0)) | O39: =IF($A39<Notes!$B$5,"",IF(COUNTIFS(Release_Calendar!$A$2:$A$755,"NZ_LABOUR",Release_Calendar!$B$2:$B$755,$A39)>0,1,0)) | P39: =IF(SUM(K39:O39)>0,1,0) -> 0
A40: 36580 | B40: 6.52 | D40: 7.02 | F40: =IF(OR(B40="",C40=""),"",C40-B40) | G40: =IF(H40=1,IF(D40="","",D40),IF(C40="","",C40)) -> 7.02 | H40: 1 | I40: =IF(OR(B40="",G40=""),"",G40-B40) -> 0.5 | J40: 24.38 | K40: =IF(COUNTIFS(Release_Calendar!$A$2:$A$755,"US_CPI",Release_Calendar!$B$2:$B$755,$A40)>0,1,0) -> 0 | L40: =IF(COUNTIFS(Release_Calendar!$A$2:$A$755,"US_NFP",Release_Calendar!$B$2:$B$755,$A40)>0,1,0) -> 0 | M40: =IF($A40<Notes!$B$5,"",IF(COUNTIFS(Release_Calendar!$A$2:$A$755,"NZ_CPI",Release_Calendar!$B$2:$B$755,$A40)>0,1,0)) | N40: =IF($A40<Notes!$B$5,"",IF(COUNTIFS(Release_Calendar!$A$2:$A$755,"NZ_GDP",Release_Calendar!$B$2:$B$755,$A40)>0,1,0)) | O40: =IF($A40<Notes!$B$5,"",IF(COUNTIFS(Release_Calendar!$A$2:$A$755,"NZ_LABOUR",Release_Calendar!$B$2:$B$755,$A40)>0,1,0)) | P40: =IF(SUM(K40:O40)>0,1,0) -> 0
A41: 36581 | B41: 6.45 | D41: 7.01 | F41: =IF(OR(B41="",C41=""),"",C41-B41) | G41: =IF(H41=1,IF(D41="","",D41),IF(C41="","",C41)) -> 7.01 | H41: 1 | I41: =IF(OR(B41="",G41=""),"",G41-B41) -> 0.56 | J41: 25.2 | K41: =IF(COUNTIFS(Release_Calendar!$A$2:$A$755,"US_CPI",Release_Calendar!$B$2:$B$755,$A41)>0,1,0) -> 0 | L41: =IF(COUNTIFS(Release_Calendar!$A$2:$A$755,"US_NFP",Release_Calendar!$B$2:$B$755,$A41)>0,1,0) -> 0 | M41: =IF($A41<Notes!$B$5,"",IF(COUNTIFS(Release_Calendar!$A$2:$A$755,"NZ_CPI",Release_Calendar!$B$2:$B$755,$A41)>0,1,0)) | N41: =IF($A41<Notes!$B$5,"",IF(COUNTIFS(Release_Calendar!$A$2:$A$755,"NZ_GDP",Release_Calendar!$B$2:$B$755,$A41)>0,1,0)) | O41: =IF($A41<Notes!$B$5,"",IF(COUNTIFS(Release_Calendar!$A$2:$A$755,"NZ_LABOUR",Release_Calendar!$B$2:$B$755,$A41)>0,1,0)) | P41: =IF(SUM(K41:O41)>0,1,0) -> 0
A42: 36584 | B42: 6.47 | D42: 6.95 | F42: =IF(OR(B42="",C42=""),"",C42-B42) | G42: =IF(H42=1,IF(D42="","",D42),IF(C42="","",C42)) -> 6.95 | H42: 1 | I42: =IF(OR(B42="",G42=""),"",G42-B42) -> 0.48 | J42: 24.68 | K42: =IF(COUNTIFS(Release_Calendar!$A$2:$A$755,"US_CPI",Release_Calendar!$B$2:$B$755,$A42)>0,1,0) -> 0 | L42: =IF(COUNTIFS(Release_Calendar!$A$2:$A$755,"US_NFP",Release_Calendar!$B$2:$B$755,$A42)>0,1,0) -> 0 | M42: =IF($A42<Notes!$B$5,"",IF(COUNTIFS(Release_Calendar!$A$2:$A$755,"NZ_CPI",Release_Calendar!$B$2:$B$755,$A42)>0,1,0)) | N42: =IF($A42<Notes!$B$5,"",IF(COUNTIFS(Release_Calendar!$A$2:$A$755,"NZ_GDP",Release_Calendar!$B$2:$B$755,$A42)>0,1,0)) | O42: =IF($A42<Notes!$B$5,"",IF(COUNTIFS(Release_Calendar!$A$2:$A$755,"NZ_LABOUR",Release_Calendar!$B$2:$B$755,$A42)>0,1,0)) | P42: =IF(SUM(K42:O42)>0,1,0) -> 0
A43: 36585 | B43: 6.53 | D43: 7.03 | F43: =IF(OR(B43="",C43=""),"",C43-B43) | G43: =IF(H43=1,IF(D43="","",D43),IF(C43="","",C43)) -> 7.03 | H43: 1 | I43: =IF(OR(B43="",G43=""),"",G43-B43) -> 0.5 | J43: 23.37 | K43: =IF(COUNTIFS(Release_Calendar!$A$2:$A$755,"US_CPI",Release_Calendar!$B$2:$B$755,$A43)>0,1,0) -> 0 | L43: =IF(COUNTIFS(Release_Calendar!$A$2:$A$755,"US_NFP",Release_Calendar!$B$2:$B$755,$A43)>0,1,0) -> 0 | M43: =IF($A43<Notes!$B$5,"",IF(COUNTIFS(Release_Calendar!$A$2:$A$755,"NZ_CPI",Release_Calendar!$B$2:$B$755,$A43)>0,1,0)) | N43: =IF($A43<Notes!$B$5,"",IF(COUNTIFS(Release_Calendar!$A$2:$A$755,"NZ_GDP",Release_Calendar!$B$2:$B$755,$A43)>0,1,0)) | O43: =IF($A43<Notes!$B$5,"",IF(COUNTIFS(Release_Calendar!$A$2:$A$755,"NZ_LABOUR",Release_Calendar!$B$2:$B$755,$A43)>0,1,0)) | P43: =IF(SUM(K43:O43)>0,1,0) -> 0
A44: 36586 | B44: 6.52 | D44: 7.01 | F44: =IF(OR(B44="",C44=""),"",C44-B44) | G44: =IF(H44=1,IF(D44="","",D44),IF(C44="","",C44)) -> 7.01 | H44: 1 | I44: =IF(OR(B44="",G44=""),"",G44-B44) -> 0.49 | J44: 21.64 | K44: =IF(COUNTIFS(Release_Calendar!$A$2:$A$755,"US_CPI",Release_Calendar!$B$2:$B$755,$A44)>0,1,0) -> 0 | L44: =IF(COUNTIFS(Release_Calendar!$A$2:$A$755,"US_NFP",Release_Calendar!$B$2:$B$755,$A44)>0,1,0) -> 0 | M44: =IF($A44<Notes!$B$5,"",IF(COUNTIFS(Release_Calendar!$A$2:$A$755,"NZ_CPI",Release_Calendar!$B$2:$B$755,$A44)>0,1,0)) | N44: =IF($A44<Notes!$B$5,"",IF(COUNTIFS(Release_Calendar!$A$2:$A$755,"NZ_GDP",Release_Calendar!$B$2:$B$755,$A44)>0,1,0)) | O44: =IF($A44<Notes!$B$5,"",IF(COUNTIFS(Release_Calendar!$A$2:$A$755,"NZ_LABOUR",Release_Calendar!$B$2:$B$755,$A44)>0,1,0)) | P44: =IF(SUM(K44:O44)>0,1,0) -> 0
A45: 36587 | B45: 6.52 | D45: 6.98 | F45: =IF(OR(B45="",C45=""),"",C45-B45) | G45: =IF(H45=1,IF(D45="","",D45),IF(C45="","",C45)) -> 6.98 | H45: 1 | I45: =IF(OR(B45="",G45=""),"",G45-B45) -> 0.46 | J45: 21.06 | K45: =IF(COUNTIFS(Release_Calendar!$A$2:$A$755,"US_CPI",Release_Calendar!$B$2:$B$755,$A45)>0,1,0) -> 0 | L45: =IF(COUNTIFS(Release_Calendar!$A$2:$A$755,"US_NFP",Release_Calendar!$B$2:$B$755,$A45)>0,1,0) -> 0 | M45: =IF($A45<Notes!$B$5,"",IF(COUNTIFS(Release_Calendar!$A$2:$A$755,"NZ_CPI",Release_Calendar!$B$2:$B$755,$A45)>0,1,0)) | N45: =IF($A45<Notes!$B$5,"",IF(COUNTIFS(Release_Calendar!$A$2:$A$755,"NZ_GDP",Release_Calendar!$B$2:$B$755,$A45)>0,1,0)) | O45: =IF($A45<Notes!$B$5,"",IF(COUNTIFS(Release_Calendar!$A$2:$A$755,"NZ_LABOUR",Release_Calendar!$B$2:$B$755,$A45)>0,1,0)) | P45: =IF(SUM(K45:O45)>0,1,0) -> 0
A46: 36588 | B46: 6.5 | D46: 7 | F46: =IF(OR(B46="",C46=""),"",C46-B46) | G46: =IF(H46=1,IF(D46="","",D46),IF(C46="","",C46)) -> 7 | H46: 1 | I46: =IF(OR(B46="",G46=""),"",G46-B46) -> 0.5 | J46: 19.21 | K46: =IF(COUNTIFS(Release_Calendar!$A$2:$A$755,"US_CPI",Release_Calendar!$B$2:$B$755,$A46)>0,1,0) -> 0 | L46: =IF(COUNTIFS(Release_Calendar!$A$2:$A$755,"US_NFP",Release_Calendar!$B$2:$B$755,$A46)>0,1,0) -> 1 | M46: =IF($A46<Notes!$B$5,"",IF(COUNTIFS(Release_Calendar!$A$2:$A$755,"NZ_CPI",Release_Calendar!$B$2:$B$755,$A46)>0,1,0)) | N46: =IF($A46<Notes!$B$5,"",IF(COUNTIFS(Release_Calendar!$A$2:$A$755,"NZ_GDP",Release_Calendar!$B$2:$B$755,$A46)>0,1,0)) | O46: =IF($A46<Notes!$B$5,"",IF(COUNTIFS(Release_Calendar!$A$2:$A$755,"NZ_LABOUR",Release_Calendar!$B$2:$B$755,$A46)>0,1,0)) | P46: =IF(SUM(K46:O46)>0,1,0) -> 1
A47: 36591 | B47: 6.55 | D47: 6.98 | F47: =IF(OR(B47="",C47=""),"",C47-B47) | G47: =IF(H47=1,IF(D47="","",D47),IF(C47="","",C47)) -> 6.98 | H47: 1 | I47: =IF(OR(B47="",G47=""),"",G47-B47) -> 0.43 | J47: 21.5 | K47: =IF(COUNTIFS(Release_Calendar!$A$2:$A$755,"US_CPI",Release_Calendar!$B$2:$B$755,$A47)>0,1,0) -> 0 | L47: =IF(COUNTIFS(Release_Calendar!$A$2:$A$755,"US_NFP",Release_Calendar!$B$2:$B$755,$A47)>0,1,0) -> 0 | M47: =IF($A47<Notes!$B$5,"",IF(COUNTIFS(Release_Calendar!$A$2:$A$755,"NZ_CPI",Release_Calendar!$B$2:$B$755,$A47)>0,1,0)) | N47: =IF($A47<Notes!$B$5,"",IF(COUNTIFS(Release_Calendar!$A$2:$A$755,"NZ_GDP",Release_Calendar!$B$2:$B$755,$A47)>0,1,0)) | O47: =IF($A47<Notes!$B$5,"",IF(COUNTIFS(Release_Calendar!$A$2:$A$755,"NZ_LABOUR",Release_Calendar!$B$2:$B$755,$A47)>0,1,0)) | P47: =IF(SUM(K47:O47)>0,1,0) -> 0
A48: 36592 | B48: 6.48 | D48: 7.04 | F48: =IF(OR(B48="",C48=""),"",C48-B48) | G48: =IF(H48=1,IF(D48="","",D48),IF(C48="","",C48)) -> 7.04 | H48: 1 | I48: =IF(OR(B48="",G48=""),"",G48-B48) -> 0.56 | J48: 24.31 | K48: =IF(COUNTIFS(Release_Calendar!$A$2:$A$755,"US_CPI",Release_Calendar!$B$2:$B$755,$A48)>0,1,0) -> 0 | L48: =IF(COUNTIFS(Release_Calendar!$A$2:$A$755,"US_NFP",Release_Calendar!$B$2:$B$755,$A48)>0,1,0) -> 0 | M48: =IF($A48<Notes!$B$5,"",IF(COUNTIFS(Release_Calendar!$A$2:$A$755,"NZ_CPI",Release_Calendar!$B$2:$B$755,$A48)>0,1,0)) | N48: =IF($A48<Notes!$B$5,"",IF(COUNTIFS(Release_Calendar!$A$2:$A$755,"NZ_GDP",Release_Calendar!$B$2:$B$755,$A48)>0,1,0)) | O48: =IF($A48<Notes!$B$5,"",IF(COUNTIFS(Release_Calendar!$A$2:$A$755,"NZ_LABOUR",Release_Calendar!$B$2:$B$755,$A48)>0,1,0)) | P48: =IF(SUM(K48:O48)>0,1,0) -> 0
A49: 36593 | B49: 6.5 | D49: 7.01 | F49: =IF(OR(B49="",C49=""),"",C49-B49) | G49: =IF(H49=1,IF(D49="","",D49),IF(C49="","",C49)) -> 7.01 | H49: 1 | I49: =IF(OR(B49="",G49=""),"",G49-B49) -> 0.51 | J49: 23.82 | K49: =IF(COUNTIFS(Release_Calendar!$A$2:$A$755,"US_CPI",Release_Calendar!$B$2:$B$755,$A49)>0,1,0) -> 0 | L49: =IF(COUNTIFS(Release_Calendar!$A$2:$A$755,"US_NFP",Release_Calendar!$B$2:$B$755,$A49)>0,1,0) -> 0 | M49: =IF($A49<Notes!$B$5,"",IF(COUNTIFS(Release_Calendar!$A$2:$A$755,"NZ_CPI",Release_Calendar!$B$2:$B$755,$A49)>0,1,0)) | N49: =IF($A49<Notes!$B$5,"",IF(COUNTIFS(Release_Calendar!$A$2:$A$755,"NZ_GDP",Release_Calendar!$B$2:$B$755,$A49)>0,1,0)) | O49: =IF($A49<Notes!$B$5,"",IF(COUNTIFS(Release_Calendar!$A$2:$A$755,"NZ_LABOUR",Release_Calendar!$B$2:$B$755,$A49)>0,1,0)) | P49: =IF(SUM(K49:O49)>0,1,0) -> 0
... A80: 36636 | B80: 6.38 | D80: 6.8 | F80: =IF(OR(B80="",C80=""),"",C80-B80) | G80: =IF(H80=1,IF(D80="","",D80),IF(C80="","",C80)) -> 6.8 | H80: 1 | I80: =IF(OR(B80="",G80=""),"",G80-B80) -> 0.42 | J80: 25.85 | K80: =IF(COUNTIFS(Release_Calendar!$A$2:$A$755,"US_CPI",Release_Calendar!$B$2:$B$755,$A80)>0,1,0) -> 0 | L80: =IF(COUNTIFS(Release_Calendar!$A$2:$A$755,"US_NFP",Release_Calendar!$B$2:$B$755,$A80)>0,1,0) -> 0 | M80: =IF($A80<Notes!$B$5,"",IF(COUNTIFS(Release_Calendar!$A$2:$A$755,"NZ_CPI",Release_Calendar!$B$2:$B$755,$A80)>0,1,0)) | N80: =IF($A80<Notes!$B$5,"",IF(COUNTIFS(Release_Calendar!$A$2:$A$755,"NZ_GDP",Release_Calendar!$B$2:$B$755,$A80)>0,1,0)) | O80: =IF($A80<Notes!$B$5,"",IF(COUNTIFS(Release_Calendar!$A$2:$A$755,"NZ_LABOUR",Release_Calendar!$B$2:$B$755,$A80)>0,1,0)) | P80: =IF(SUM(K80:O80)>0,1,0) -> 0
A81: 36637 | F81: =IF(OR(B81="",C81=""),"",C81-B81) | G81: =IF(H81=1,IF(D81="","",D81),IF(C81="","",C81)) | H81: 1 | I81: =IF(OR(B81="",G81=""),"",G81-B81) | K81: =IF(COUNTIFS(Release_Calendar!$A$2:$A$755,"US_CPI",Release_Calendar!$B$2:$B$755,$A81)>0,1,0) -> 0 | L81: =IF(COUNTIFS(Release_Calendar!$A$2:$A$755,"US_NFP",Release_Calendar!$B$2:$B$755,$A81)>0,1,0) -> 0 | M81: =IF($A81<Notes!$B$5,"",IF(COUNTIFS(Release_Calendar!$A$2:$A$755,"NZ_CPI",Release_Calendar!$B$2:$B$755,$A81)>0,1,0)) | N81: =IF($A81<Notes!$B$5,"",IF(COUNTIFS(Release_Calendar!$A$2:$A$755,"NZ_GDP",Release_Calendar!$B$2:$B$755,$A81)>0,1,0)) | O81: =IF($A81<Notes!$B$5,"",IF(COUNTIFS(Release_Calendar!$A$2:$A$755,"NZ_LABOUR",Release_Calendar!$B$2:$B$755,$A81)>0,1,0)) | P81: =IF(SUM(K81:O81)>0,1,0) -> 0
A82: 36640 | B82: 6.36 | F82: =IF(OR(B82="",C82=""),"",C82-B82) | G82: =IF(H82=1,IF(D82="","",D82),IF(C82="","",C82)) | H82: 1 | I82: =IF(OR(B82="",G82=""),"",G82-B82) | J82: 27.37 | K82: =IF(COUNTIFS(Release_Calendar!$A$2:$A$755,"US_CPI",Release_Calendar!$B$2:$B$755,$A82)>0,1,0) -> 0 | L82: =IF(COUNTIFS(Release_Calendar!$A$2:$A$755,"US_NFP",Release_Calendar!$B$2:$B$755,$A82)>0,1,0) -> 0 | M82: =IF($A82<Notes!$B$5,"",IF(COUNTIFS(Release_Calendar!$A$2:$A$755,"NZ_CPI",Release_Calendar!$B$2:$B$755,$A82)>0,1,0)) | N82: =IF($A82<Notes!$B$5,"",IF(COUNTIFS(Release_Calendar!$A$2:$A$755,"NZ_GDP",Release_Calendar!$B$2:$B$755,$A82)>0,1,0)) | O82: =IF($A82<Notes!$B$5,"",IF(COUNTIFS(Release_Calendar!$A$2:$A$755,"NZ_LABOUR",Release_Calendar!$B$2:$B$755,$A82)>0,1,0)) | P82: =IF(SUM(K82:O82)>0,1,0) -> 0
A83: 36641 | B83: 6.48 | F83: =IF(OR(B83="",C83=""),"",C83-B83) | G83: =IF(H83=1,IF(D83="","",D83),IF(C83="","",C83)) | H83: 1 | I83: =IF(OR(B83="",G83=""),"",G83-B83) | J83: 25.24 | K83: =IF(COUNTIFS(Release_Calendar!$A$2:$A$755,"US_CPI",Release_Calendar!$B$2:$B$755,$A83)>0,1,0) -> 0 | L83: =IF(COUNTIFS(Release_Calendar!$A$2:$A$755,"US_NFP",Release_Calendar!$B$2:$B$755,$A83)>0,1,0) -> 0 | M83: =IF($A83<Notes!$B$5,"",IF(COUNTIFS(Release_Calendar!$A$2:$A$755,"NZ_CPI",Release_Calendar!$B$2:$B$755,$A83)>0,1,0)) | N83: =IF($A83<Notes!$B$5,"",IF(COUNTIFS(Release_Calendar!$A$2:$A$755,"NZ_GDP",Release_Calendar!$B$2:$B$755,$A83)>0,1,0)) | O83: =IF($A83<Notes!$B$5,"",IF(COUNTIFS(Release_Calendar!$A$2:$A$755,"NZ_LABOUR",Release_Calendar!$B$2:$B$755,$A83)>0,1,0)) | P83: =IF(SUM(K83:O83)>0,1,0) -> 0
A84: 36642 | B84: 6.5 | D84: 6.91 | F84: =IF(OR(B84="",C84=""),"",C84-B84) | G84: =IF(H84=1,IF(D84="","",D84),IF(C84="","",C84)) -> 6.91 | H84: 1 | I84: =IF(OR(B84="",G84=""),"",G84-B84) -> 0.41 | J84: 26.97 | K84: =IF(COUNTIFS(Release_Calendar!$A$2:$A$755,"US_CPI",Release_Calendar!$B$2:$B$755,$A84)>0,1,0) -> 0 | L84: =IF(COUNTIFS(Release_Calendar!$A$2:$A$755,"US_NFP",Release_Calendar!$B$2:$B$755,$A84)>0,1,0) -> 0 | M84: =IF($A84<Notes!$B$5,"",IF(COUNTIFS(Release_Calendar!$A$2:$A$755,"NZ_CPI",Release_Calendar!$B$2:$B$755,$A84)>0,1,0)) | N84: =IF($A84<Notes!$B$5,"",IF(COUNTIFS(Release_Calendar!$A$2:$A$755,"NZ_GDP",Release_Calendar!$B$2:$B$755,$A84)>0,1,0)) | O84: =IF($A84<Notes!$B$5,"",IF(COUNTIFS(Release_Calendar!$A$2:$A$755,"NZ_LABOUR",Release_Calendar!$B$2:$B$755,$A84)>0,1,0)) | P84: =IF(SUM(K84:O84)>0,1,0) -> 0
A85: 36643 | B85: 6.63 | D85: 6.93 | F85: =IF(OR(B85="",C85=""),"",C85-B85) | G85: =IF(H85=1,IF(D85="","",D85),IF(C85="","",C85)) -> 6.93 | H85: 1 | I85: =IF(OR(B85="",G85=""),"",G85-B85) -> 0.3 | J85: 26.19 | K85: =IF(COUNTIFS(Release_Calendar!$A$2:$A$755,"US_CPI",Release_Calendar!$B$2:$B$755,$A85)>0,1,0) -> 0 | L85: =IF(COUNTIFS(Release_Calendar!$A$2:$A$755,"US_NFP",Release_Calendar!$B$2:$B$755,$A85)>0,1,0) -> 0 | M85: =IF($A85<Notes!$B$5,"",IF(COUNTIFS(Release_Calendar!$A$2:$A$755,"NZ_CPI",Release_Calendar!$B$2:$B$755,$A85)>0,1,0)) | N85: =IF($A85<Notes!$B$5,"",IF(COUNTIFS(Release_Calendar!$A$2:$A$755,"NZ_GDP",Release_Calendar!$B$2:$B$755,$A85)>0,1,0)) | O85: =IF($A85<Notes!$B$5,"",IF(COUNTIFS(Release_Calendar!$A$2:$A$755,"NZ_LABOUR",Release_Calendar!$B$2:$B$755,$A85)>0,1,0)) | P85: =IF(SUM(K85:O85)>0,1,0) -> 0
A86: 36644 | B86: 6.68 | D86: 6.97 | F86: =IF(OR(B86="",C86=""),"",C86-B86) | G86: =IF(H86=1,IF(D86="","",D86),IF(C86="","",C86)) -> 6.97 | H86: 1 | I86: =IF(OR(B86="",G86=""),"",G86-B86) -> 0.29 | J86: 26.2 | K86: =IF(COUNTIFS(Release_Calendar!$A$2:$A$755,"US_CPI",Release_Calendar!$B$2:$B$755,$A86)>0,1,0) -> 0 | L86: =IF(COUNTIFS(Release_Calendar!$A$2:$A$755,"US_NFP",Release_Calendar!$B$2:$B$755,$A86)>0,1,0) -> 0 | M86: =IF($A86<Notes!$B$5,"",IF(COUNTIFS(Release_Calendar!$A$2:$A$755,"NZ_CPI",Release_Calendar!$B$2:$B$755,$A86)>0,1,0)) | N86: =IF($A86<Notes!$B$5,"",IF(COUNTIFS(Release_Calendar!$A$2:$A$755,"NZ_GDP",Release_Calendar!$B$2:$B$755,$A86)>0,1,0)) | O86: =IF($A86<Notes!$B$5,"",IF(COUNTIFS(Release_Calendar!$A$2:$A$755,"NZ_LABOUR",Release_Calendar!$B$2:$B$755,$A86)>0,1,0)) | P86: =IF(SUM(K86:O86)>0,1,0) -> 0
A87: 36647 | B87: 6.73 | D87: 6.96 | F87: =IF(OR(B87="",C87=""),"",C87-B87) | G87: =IF(H87=1,IF(D87="","",D87),IF(C87="","",C87)) -> 6.96 | H87: 1 | I87: =IF(OR(B87="",G87=""),"",G87-B87) -> 0.23 | J87: 25.88 | K87: =IF(COUNTIFS(Release_Calendar!$A$2:$A$755,"US_CPI",Release_Calendar!$B$2:$B$755,$A87)>0,1,0) -> 0 | L87: =IF(COUNTIFS(Release_Calendar!$A$2:$A$755,"US_NFP",Release_Calendar!$B$2:$B$755,$A87)>0,1,0) -> 0 | M87: =IF($A87<Notes!$B$5,"",IF(COUNTIFS(Release_Calendar!$A$2:$A$755,"NZ_CPI",Release_Calendar!$B$2:$B$755,$A87)>0,1,0)) | N87: =IF($A87<Notes!$B$5,"",IF(COUNTIFS(Release_Calendar!$A$2:$A$755,"NZ_GDP",Release_Calendar!$B$2:$B$755,$A87)>0,1,0)) | O87: =IF($A87<Notes!$B$5,"",IF(COUNTIFS(Release_Calendar!$A$2:$A$755,"NZ_LABOUR",Release_Calendar!$B$2:$B$755,$A87)>0,1,0)) | P87: =IF(SUM(K87:O87)>0,1,0) -> 0
A88: 36648 | B88: 6.72 | D88: 7.04 | F88: =IF(OR(B88="",C88=""),"",C88-B88) | G88: =IF(H88=1,IF(D88="","",D88),IF(C88="","",C88)) -> 7.04 | H88: 1 | I88: =IF(OR(B88="",G88=""),"",G88-B88) -> 0.32 | J88: 28.5 | K88: =IF(COUNTIFS(Release_Calendar!$A$2:$A$755,"US_CPI",Release_Calendar!$B$2:$B$755,$A88)>0,1,0) -> 0 | L88: =IF(COUNTIFS(Release_Calendar!$A$2:$A$755,"US_NFP",Release_Calendar!$B$2:$B$755,$A88)>0,1,0) -> 0 | M88: =IF($A88<Notes!$B$5,"",IF(COUNTIFS(Release_Calendar!$A$2:$A$755,"NZ_CPI",Release_Calendar!$B$2:$B$755,$A88)>0,1,0)) | N88: =IF($A88<Notes!$B$5,"",IF(COUNTIFS(Release_Calendar!$A$2:$A$755,"NZ_GDP",Release_Calendar!$B$2:$B$755,$A88)>0,1,0)) | O88: =IF($A88<Notes!$B$5,"",IF(COUNTIFS(Release_Calendar!$A$2:$A$755,"NZ_LABOUR",Release_Calendar!$B$2:$B$755,$A88)>0,1,0)) | P88: =IF(SUM(K88:O88)>0,1,0) -> 0
A89: 36649 | B89: 6.73 | D89: 7 | F89: =IF(OR(B89="",C89=""),"",C89-B89) | G89: =IF(H89=1,IF(D89="","",D89),IF(C89="","",C89)) -> 7 | H89: 1 | I89: =IF(OR(B89="",G89=""),"",G89-B89) -> 0.27 | J89: 31.63 | K89: =IF(COUNTIFS(Release_Calendar!$A$2:$A$755,"US_CPI",Release_Calendar!$B$2:$B$755,$A89)>0,1,0) -> 0 | L89: =IF(COUNTIFS(Release_Calendar!$A$2:$A$755,"US_NFP",Release_Calendar!$B$2:$B$755,$A89)>0,1,0) -> 0 | M89: =IF($A89<Notes!$B$5,"",IF(COUNTIFS(Release_Calendar!$A$2:$A$755,"NZ_CPI",Release_Calendar!$B$2:$B$755,$A89)>0,1,0)) | N89: =IF($A89<Notes!$B$5,"",IF(COUNTIFS(Release_Calendar!$A$2:$A$755,"NZ_GDP",Release_Calendar!$B$2:$B$755,$A89)>0,1,0)) | O89: =IF($A89<Notes!$B$5,"",IF(COUNTIFS(Release_Calendar!$A$2:$A$755,"NZ_LABOUR",Release_Calendar!$B$2:$B$755,$A89)>0,1,0)) | P89: =IF(SUM(K89:O89)>0,1,0) -> 0
A90: 36650 | B90: 6.77 | D90: 7.01 | F90: =IF(OR(B90="",C90=""),"",C90-B90) | G90: =IF(H90=1,IF(D90="","",D90),IF(C90="","",C90)) -> 7.01 | H90: 1 | I90: =IF(OR(B90="",G90=""),"",G90-B90) -> 0.24 | J90: 30.77 | K90: =IF(COUNTIFS(Release_Calendar!$A$2:$A$755,"US_CPI",Release_Calendar!$B$2:$B$755,$A90)>0,1,0) -> 0 | L90: =IF(COUNTIFS(Release_Calendar!$A$2:$A$755,"US_NFP",Release_Calendar!$B$2:$B$755,$A90)>0,1,0) -> 0 | M90: =IF($A90<Notes!$B$5,"",IF(COUNTIFS(Release_Calendar!$A$2:$A$755,"NZ_CPI",Release_Calendar!$B$2:$B$755,$A90)>0,1,0)) | N90: =IF($A90<Notes!$B$5,"",IF(COUNTIFS(Release_Calendar!$A$2:$A$755,"NZ_GDP",Release_Calendar!$B$2:$B$755,$A90)>0,1,0)) | O90: =IF($A90<Notes!$B$5,"",IF(COUNTIFS(Release_Calendar!$A$2:$A$755,"NZ_LABOUR",Release_Calendar!$B$2:$B$755,$A90)>0,1,0)) | P90: =IF(SUM(K90:O90)>0,1,0) -> 0
A91: 36651 | B91: 6.84 | D91: 6.97 | F91: =IF(OR(B91="",C91=""),"",C91-B91) | G91: =IF(H91=1,IF(D91="","",D91),IF(C91="","",C91)) -> 6.97 | H91: 1 | I91: =IF(OR(B91="",G91=""),"",G91-B91) -> 0.13 | J91: 27.53 | K91: =IF(COUNTIFS(Release_Calendar!$A$2:$A$755,"US_CPI",Release_Calendar!$B$2:$B$755,$A91)>0,1,0) -> 0 | L91: =IF(COUNTIFS(Release_Calendar!$A$2:$A$755,"US_NFP",Release_Calendar!$B$2:$B$755,$A91)>0,1,0) -> 1 | M91: =IF($A91<Notes!$B$5,"",IF(COUNTIFS(Release_Calendar!$A$2:$A$755,"NZ_CPI",Release_Calendar!$B$2:$B$755,$A91)>0,1,0)) | N91: =IF($A91<Notes!$B$5,"",IF(COUNTIFS(Release_Calendar!$A$2:$A$755,"NZ_GDP",Release_Calendar!$B$2:$B$755,$A91)>0,1,0)) | O91: =IF($A91<Notes!$B$5,"",IF(COUNTIFS(Release_Calendar!$A$2:$A$755,"NZ_LABOUR",Release_Calendar!$B$2:$B$755,$A91)>0,1,0)) | P91: =IF(SUM(K91:O91)>0,1,0) -> 1
A92: 36654 | B92: 6.87 | D92: 6.99 | F92: =IF(OR(B92="",C92=""),"",C92-B92) | G92: =IF(H92=1,IF(D92="","",D92),IF(C92="","",C92)) -> 6.99 | H92: 1 | I92: =IF(OR(B92="",G92=""),"",G92-B92) -> 0.12 | J92: 28.2 | K92: =IF(COUNTIFS(Release_Calendar!$A$2:$A$755,"US_CPI",Release_Calendar!$B$2:$B$755,$A92)>0,1,0) -> 0 | L92: =IF(COUNTIFS(Release_Calendar!$A$2:$A$755,"US_NFP",Release_Calendar!$B$2:$B$755,$A92)>0,1,0) -> 0 | M92: =IF($A92<Notes!$B$5,"",IF(COUNTIFS(Release_Calendar!$A$2:$A$755,"NZ_CPI",Release_Calendar!$B$2:$B$755,$A92)>0,1,0)) | N92: =IF($A92<Notes!$B$5,"",IF(COUNTIFS(Release_Calendar!$A$2:$A$755,"NZ_GDP",Release_Calendar!$B$2:$B$755,$A92)>0,1,0)) | O92: =IF($A92<Notes!$B$5,"",IF(COUNTIFS(Release_Calendar!$A$2:$A$755,"NZ_LABOUR",Release_Calendar!$B$2:$B$755,$A92)>0,1,0)) | P92: =IF(SUM(K92:O92)>0,1,0) -> 0
A93: 36655 | B93: 6.86 | D93: 7 | F93: =IF(OR(B93="",C93=""),"",C93-B93) | G93: =IF(H93=1,IF(D93="","",D93),IF(C93="","",C93)) -> 7 | H93: 1 | I93: =IF(OR(B93="",G93=""),"",G93-B93) -> 0.14 | J93: 28.93 | K93: =IF(COUNTIFS(Release_Calendar!$A$2:$A$755,"US_CPI",Release_Calendar!$B$2:$B$755,$A93)>0,1,0) -> 0 | L93: =IF(COUNTIFS(Release_Calendar!$A$2:$A$755,"US_NFP",Release_Calendar!$B$2:$B$755,$A93)>0,1,0) -> 0 | M93: =IF($A93<Notes!$B$5,"",IF(COUNTIFS(Release_Calendar!$A$2:$A$755,"NZ_CPI",Release_Calendar!$B$2:$B$755,$A93)>0,1,0)) | N93: =IF($A93<Notes!$B$5,"",IF(COUNTIFS(Release_Calendar!$A$2:$A$755,"NZ_GDP",Release_Calendar!$B$2:$B$755,$A93)>0,1,0)) | O93: =IF($A93<Notes!$B$5,"",IF(COUNTIFS(Release_Calendar!$A$2:$A$755,"NZ_LABOUR",Release_Calendar!$B$2:$B$755,$A93)>0,1,0)) | P93: =IF(SUM(K93:O93)>0,1,0) -> 0
A94: 36656 | B94: 6.84 | D94: 7 | F94: =IF(OR(B94="",C94=""),"",C94-B94) | G94: =IF(H94=1,IF(D94="","",D94),IF(C94="","",C94)) -> 7 | H94: 1 | I94: =IF(OR(B94="",G94=""),"",G94-B94) -> 0.16 | J94: 29.87 | K94: =IF(COUNTIFS(Release_Calendar!$A$2:$A$755,"US_CPI",Release_Calendar!$B$2:$B$755,$A94)>0,1,0) -> 0 | L94: =IF(COUNTIFS(Release_Calendar!$A$2:$A$755,"US_NFP",Release_Calendar!$B$2:$B$755,$A94)>0,1,0) -> 0 | M94: =IF($A94<Notes!$B$5,"",IF(COUNTIFS(Release_Calendar!$A$2:$A$755,"NZ_CPI",Release_Calendar!$B$2:$B$755,$A94)>0,1,0)) | N94: =IF($A94<Notes!$B$5,"",IF(COUNTIFS(Release_Calendar!$A$2:$A$755,"NZ_GDP",Release_Calendar!$B$2:$B$755,$A94)>0,1,0)) | O94: =IF($A94<Notes!$B$5,"",IF(COUNTIFS(Release_Calendar!$A$2:$A$755,"NZ_LABOUR",Release_Calendar!$B$2:$B$755,$A94)>0,1,0)) | P94: =IF(SUM(K94:O94)>0,1,0) -> 0
A95: 36657 | B95: 6.82 | D95: 6.98 | F95: =IF(OR(B95="",C95=""),"",C95-B95) | G95: =IF(H95=1,IF(D95="","",D95),IF(C95="","",C95)) -> 6.98 | H95: 1 | I95: =IF(OR(B95="",G95=""),"",G95-B95) -> 0.16 | J95: 27.76 | K95: =IF(COUNTIFS(Release_Calendar!$A$2:$A$755,"US_CPI",Release_Calendar!$B$2:$B$755,$A95)>0,1,0) -> 0 | L95: =IF(COUNTIFS(Release_Calendar!$A$2:$A$755,"US_NFP",Release_Calendar!$B$2:$B$755,$A95)>0,1,0) -> 0 | M95: =IF($A95<Notes!$B$5,"",IF(COUNTIFS(Release_Calendar!$A$2:$A$755,"NZ_CPI",Release_Calendar!$B$2:$B$755,$A95)>0,1,0)) | N95: =IF($A95<Notes!$B$5,"",IF(COUNTIFS(Release_Calendar!$A$2:$A$755,"NZ_GDP",Release_Calendar!$B$2:$B$755,$A95)>0,1,0)) | O95: =IF($A95<Notes!$B$5,"",IF(COUNTIFS(Release_Calendar!$A$2:$A$755,"NZ_LABOUR",Release_Calendar!$B$2:$B$755,$A95)>0,1,0)) | P95: =IF(SUM(K95:O95)>0,1,0) -> 0
... A106: 36672 | B106: 6.69 | D106: 7.21 | F106: =IF(OR(B106="",C106=""),"",C106-B106) | G106: =IF(H106=1,IF(D106="","",D106),IF(C106="","",C106)) -> 7.21 | H106: 1 | I106: =IF(OR(B106="",G106=""),"",G106-B106) -> 0.52 | J106: 24.47 | K106: =IF(COUNTIFS(Release_Calendar!$A$2:$A$755,"US_CPI",Release_Calendar!$B$2:$B$755,$A106)>0,1,0) -> 0 | L106: =IF(COUNTIFS(Release_Calendar!$A$2:$A$755,"US_NFP",Release_Calendar!$B$2:$B$755,$A106)>0,1,0) -> 0 | M106: =IF($A106<Notes!$B$5,"",IF(COUNTIFS(Release_Calendar!$A$2:$A$755,"NZ_CPI",Release_Calendar!$B$2:$B$755,$A106)>0,1,0)) | N106: =IF($A106<Notes!$B$5,"",IF(COUNTIFS(Release_Calendar!$A$2:$A$755,"NZ_GDP",Release_Calendar!$B$2:$B$755,$A106)>0,1,0)) | O106: =IF($A106<Notes!$B$5,"",IF(COUNTIFS(Release_Calendar!$A$2:$A$755,"NZ_LABOUR",Release_Calendar!$B$2:$B$755,$A106)>0,1,0)) | P106: =IF(SUM(K106:O106)>0,1,0) -> 0
A107: 36675 | D107: 7.19 | F107: =IF(OR(B107="",C107=""),"",C107-B107) | G107: =IF(H107=1,IF(D107="","",D107),IF(C107="","",C107)) -> 7.19 | H107: 1 | I107: =IF(OR(B107="",G107=""),"",G107-B107) | K107: =IF(COUNTIFS(Release_Calendar!$A$2:$A$755,"US_CPI",Release_Calendar!$B$2:$B$755,$A107)>0,1,0) -> 0 | L107: =IF(COUNTIFS(Release_Calendar!$A$2:$A$755,"US_NFP",Release_Calendar!$B$2:$B$755,$A107)>0,1,0) -> 0 | M107: =IF($A107<Notes!$B$5,"",IF(COUNTIFS(Release_Calendar!$A$2:$A$755,"NZ_CPI",Release_Calendar!$B$2:$B$755,$A107)>0,1,0)) | N107: =IF($A107<Notes!$B$5,"",IF(COUNTIFS(Release_Calendar!$A$2:$A$755,"NZ_GDP",Release_Calendar!$B$2:$B$755,$A107)>0,1,0)) | O107: =IF($A107<Notes!$B$5,"",IF(COUNTIFS(Release_Calendar!$A$2:$A$755,"NZ_LABOUR",Release_Calendar!$B$2:$B$755,$A107)>0,1,0)) | P107: =IF(SUM(K107:O107)>0,1,0) -> 0
A108: 36676 | B108: 6.74 | D108: 7.19 | F108: =IF(OR(B108="",C108=""),"",C108-B108) | G108: =IF(H108=1,IF(D108="","",D108),IF(C108="","",C108)) -> 7.19 | H108: 1 | I108: =IF(OR(B108="",G108=""),"",G108-B108) -> 0.45 | J108: 23.62 | K108: =IF(COUNTIFS(Release_Calendar!$A$2:$A$755,"US_CPI",Release_Calendar!$B$2:$B$755,$A108)>0,1,0) -> 0 | L108: =IF(COUNTIFS(Release_Calendar!$A$2:$A$755,"US_NFP",Release_Calendar!$B$2:$B$755,$A108)>0,1,0) -> 0 | M108: =IF($A108<Notes!$B$5,"",IF(COUNTIFS(Release_Calendar!$A$2:$A$755,"NZ_CPI",Release_Calendar!$B$2:$B$755,$A108)>0,1,0)) | N108: =IF($A108<Notes!$B$5,"",IF(COUNTIFS(Release_Calendar!$A$2:$A$755,"NZ_GDP",Release_Calendar!$B$2:$B$755,$A108)>0,1,0)) | O108: =IF($A108<Notes!$B$5,"",IF(COUNTIFS(Release_Calendar!$A$2:$A$755,"NZ_LABOUR",Release_Calendar!$B$2:$B$755,$A108)>0,1,0)) | P108: =IF(SUM(K108:O108)>0,1,0) -> 0
A109: 36677 | B109: 6.69 | D109: 7.2 | F109: =IF(OR(B109="",C109=""),"",C109-B109) | G109: =IF(H109=1,IF(D109="","",D109),IF(C109="","",C109)) -> 7.2 | H109: 1 | I109: =IF(OR(B109="",G109=""),"",G109-B109) -> 0.51 | J109: 23.65 | K109: =IF(COUNTIFS(Release_Calendar!$A$2:$A$755,"US_CPI",Release_Calendar!$B$2:$B$755,$A109)>0,1,0) -> 0 | L109: =IF(COUNTIFS(Release_Calendar!$A$2:$A$755,"US_NFP",Release_Calendar!$B$2:$B$755,$A109)>0,1,0) -> 0 | M109: =IF($A109<Notes!$B$5,"",IF(COUNTIFS(Release_Calendar!$A$2:$A$755,"NZ_CPI",Release_Calendar!$B$2:$B$755,$A109)>0,1,0)) | N109: =IF($A109<Notes!$B$5,"",IF(COUNTIFS(Release_Calendar!$A$2:$A$755,"NZ_GDP",Release_Calendar!$B$2:$B$755,$A109)>0,1,0)) | O109: =IF($A109<Notes!$B$5,"",IF(COUNTIFS(Release_Calendar!$A$2:$A$755,"NZ_LABOUR",Release_Calendar!$B$2:$B$755,$A109)>0,1,0)) | P109: =IF(SUM(K109:O109)>0,1,0) -> 0
A110: 36678 | B110: 6.61 | D110: 7.09 | F110: =IF(OR(B110="",C110=""),"",C110-B110) | G110: =IF(H110=1,IF(D110="","",D110),IF(C110="","",C110)) -> 7.09 | H110: 1 | I110: =IF(OR(B110="",G110=""),"",G110-B110) -> 0.48 | J110: 22.36 | K110: =IF(COUNTIFS(Release_Calendar!$A$2:$A$755,"US_CPI",Release_Calendar!$B$2:$B$755,$A110)>0,1,0) -> 0 | L110: =IF(COUNTIFS(Release_Calendar!$A$2:$A$755,"US_NFP",Release_Calendar!$B$2:$B$755,$A110)>0,1,0) -> 0 | M110: =IF($A110<Notes!$B$5,"",IF(COUNTIFS(Release_Calendar!$A$2:$A$755,"NZ_CPI",Release_Calendar!$B$2:$B$755,$A110)>0,1,0)) | N110: =IF($A110<Notes!$B$5,"",IF(COUNTIFS(Release_Calendar!$A$2:$A$755,"NZ_GDP",Release_Calendar!$B$2:$B$755,$A110)>0,1,0)) | O110: =IF($A110<Notes!$B$5,"",IF(COUNTIFS(Release_Calendar!$A$2:$A$755,"NZ_LABOUR",Release_Calendar!$B$2:$B$755,$A110)>0,1,0)) | P110: =IF(SUM(K110:O110)>0,1,0) -> 0
A111: 36679 | B111: 6.52 | D111: 7.1 | F111: =IF(OR(B111="",C111=""),"",C111-B111) | G111: =IF(H111=1,IF(D111="","",D111),IF(C111="","",C111)) -> 7.1 | H111: 1 | I111: =IF(OR(B111="",G111=""),"",G111-B111) -> 0.58 | J111: 21.48 | K111: =IF(COUNTIFS(Release_Calendar!$A$2:$A$755,"US_CPI",Release_Calendar!$B$2:$B$755,$A111)>0,1,0) -> 0 | L111: =IF(COUNTIFS(Release_Calendar!$A$2:$A$755,"US_NFP",Release_Calendar!$B$2:$B$755,$A111)>0,1,0) -> 1 | M111: =IF($A111<Notes!$B$5,"",IF(COUNTIFS(Release_Calendar!$A$2:$A$755,"NZ_CPI",Release_Calendar!$B$2:$B$755,$A111)>0,1,0)) | N111: =IF($A111<Notes!$B$5,"",IF(COUNTIFS(Release_Calendar!$A$2:$A$755,"NZ_GDP",Release_Calendar!$B$2:$B$755,$A111)>0,1,0)) | O111: =IF($A111<Notes!$B$5,"",IF(COUNTIFS(Release_Calendar!$A$2:$A$755,"NZ_LABOUR",Release_Calendar!$B$2:$B$755,$A111)>0,1,0)) | P111: =IF(SUM(K111:O111)>0,1,0) -> 1
A112: 36682 | B112: 6.49 | F112: =IF(OR(B112="",C112=""),"",C112-B112) | G112: =IF(H112=1,IF(D112="","",D112),IF(C112="","",C112)) | H112: 1 | I112: =IF(OR(B112="",G112=""),"",G112-B112) | J112: 22.71 | K112: =IF(COUNTIFS(Release_Calendar!$A$2:$A$755,"US_CPI",Release_Calendar!$B$2:$B$755,$A112)>0,1,0) -> 0 | L112: =IF(COUNTIFS(Release_Calendar!$A$2:$A$755,"US_NFP",Release_Calendar!$B$2:$B$755,$A112)>0,1,0) -> 0 | M112: =IF($A112<Notes!$B$5,"",IF(COUNTIFS(Release_Calendar!$A$2:$A$755,"NZ_CPI",Release_Calendar!$B$2:$B$755,$A112)>0,1,0)) | N112: =IF($A112<Notes!$B$5,"",IF(COUNTIFS(Release_Calendar!$A$2:$A$755,"NZ_GDP",Release_Calendar!$B$2:$B$755,$A112)>0,1,0)) | O112: =IF($A112<Notes!$B$5,"",IF(COUNTIFS(Release_Calendar!$A$2:$A$755,"NZ_LABOUR",Release_Calendar!$B$2:$B$755,$A112)>0,1,0)) | P112: =IF(SUM(K112:O112)>0,1,0) -> 0
A113: 36683 | B113: 6.51 | D113: 7.04 | F113: =IF(OR(B113="",C113=""),"",C113-B113) | G113: =IF(H113=1,IF(D113="","",D113),IF(C113="","",C113)) -> 7.04 | H113: 1 | I113: =IF(OR(B113="",G113=""),"",G113-B113) -> 0.53 | J113: 23.05 | K113: =IF(COUNTIFS(Release_Calendar!$A$2:$A$755,"US_CPI",Release_Calendar!$B$2:$B$755,$A113)>0,1,0) -> 0 | L113: =IF(COUNTIFS(Release_Calendar!$A$2:$A$755,"US_NFP",Release_Calendar!$B$2:$B$755,$A113)>0,1,0) -> 0 | M113: =IF($A113<Notes!$B$5,"",IF(COUNTIFS(Release_Calendar!$A$2:$A$755,"NZ_CPI",Release_Calendar!$B$2:$B$755,$A113)>0,1,0)) | N113: =IF($A113<Notes!$B$5,"",IF(COUNTIFS(Release_Calendar!$A$2:$A$755,"NZ_GDP",Release_Calendar!$B$2:$B$755,$A113)>0,1,0)) | O113: =IF($A113<Notes!$B$5,"",IF(COUNTIFS(Release_Calendar!$A$2:$A$755,"NZ_LABOUR",Release_Calendar!$B$2:$B$755,$A113)>0,1,0)) | P113: =IF(SUM(K113:O113)>0,1,0) -> 0
A114: 36684 | B114: 6.52 | D114: 6.96 | F114: =IF(OR(B114="",C114=""),"",C114-B114) | G114: =IF(H114=1,IF(D114="","",D114),IF(C114="","",C114)) -> 6.96 | H114: 1 | I114: =IF(OR(B114="",G114=""),"",G114-B114) -> 0.44 | J114: 22.48 | K114: =IF(COUNTIFS(Release_Calendar!$A$2:$A$755,"US_CPI",Release_Calendar!$B$2:$B$755,$A114)>0,1,0) -> 0 | L114: =IF(COUNTIFS(Release_Calendar!$A$2:$A$755,"US_NFP",Release_Calendar!$B$2:$B$755,$A114)>0,1,0) -> 0 | M114: =IF($A114<Notes!$B$5,"",IF(COUNTIFS(Release_Calendar!$A$2:$A$755,"NZ_CPI",Release_Calendar!$B$2:$B$755,$A114)>0,1,0)) | N114: =IF($A114<Notes!$B$5,"",IF(COUNTIFS(Release_Calendar!$A$2:$A$755,"NZ_GDP",Release_Calendar!$B$2:$B$755,$A114)>0,1,0)) | O114: =IF($A114<Notes!$B$5,"",IF(COUNTIFS(Release_Calendar!$A$2:$A$755,"NZ_LABOUR",Release_Calendar!$B$2:$B$755,$A114)>0,1,0)) | P114: =IF(SUM(K114:O114)>0,1,0) -> 0
A115: 36685 | B115: 6.56 | D115: 7 | F115: =IF(OR(B115="",C115=""),"",C115-B115) | G115: =IF(H115=1,IF(D115="","",D115),IF(C115="","",C115)) -> 7 | H115: 1 | I115: =IF(OR(B115="",G115=""),"",G115-B115) -> 0.44 | J115: 22.77 | K115: =IF(COUNTIFS(Release_Calendar!$A$2:$A$755,"US_CPI",Release_Calendar!$B$2:$B$755,$A115)>0,1,0) -> 0 | L115: =IF(COUNTIFS(Release_Calendar!$A$2:$A$755,"US_NFP",Release_Calendar!$B$2:$B$755,$A115)>0,1,0) -> 0 | M115: =IF($A115<Notes!$B$5,"",IF(COUNTIFS(Release_Calendar!$A$2:$A$755,"NZ_CPI",Release_Calendar!$B$2:$B$755,$A115)>0,1,0)) | N115: =IF($A115<Notes!$B$5,"",IF(COUNTIFS(Release_Calendar!$A$2:$A$755,"NZ_GDP",Release_Calendar!$B$2:$B$755,$A115)>0,1,0)) | O115: =IF($A115<Notes!$B$5,"",IF(COUNTIFS(Release_Calendar!$A$2:$A$755,"NZ_LABOUR",Release_Calendar!$B$2:$B$755,$A115)>0,1,0)) | P115: =IF(SUM(K115:O115)>0,1,0) -> 0
A116: 36686 | B116: 6.56 | D116: 7.02 | F116: =IF(OR(B116="",C116=""),"",C116-B116) | G116: =IF(H116=1,IF(D116="","",D116),IF(C116="","",C116)) -> 7.02 | H116: 1 | I116: =IF(OR(B116="",G116=""),"",G116-B116) -> 0.46 | J116: 22.14 | K116: =IF(COUNTIFS(Release_Calendar!$A$2:$A$755,"US_CPI",Release_Calendar!$B$2:$B$755,$A116)>0,1,0) -> 0 | L116: =IF(COUNTIFS(Release_Calendar!$A$2:$A$755,"US_NFP",Release_Calendar!$B$2:$B$755,$A116)>0,1,0) -> 0 | M116: =IF($A116<Notes!$B$5,"",IF(COUNTIFS(Release_Calendar!$A$2:$A$755,"NZ_CPI",Release_Calendar!$B$2:$B$755,$A116)>0,1,0)) | N116: =IF($A116<Notes!$B$5,"",IF(COUNTIFS(Release_Calendar!$A$2:$A$755,"NZ_GDP",Release_Calendar!$B$2:$B$755,$A116)>0,1,0)) | O116: =IF($A116<Notes!$B$5,"",IF(COUNTIFS(Release_Calendar!$A$2:$A$755,"NZ_LABOUR",Release_Calendar!$B$2:$B$755,$A116)>0,1,0)) | P116: =IF(SUM(K116:O116)>0,1,0) -> 0
A117: 36689 | B117: 6.52 | D117: 7 | F117: =IF(OR(B117="",C117=""),"",C117-B117) | G117: =IF(H117=1,IF(D117="","",D117),IF(C117="","",C117)) -> 7 | H117: 1 | I117: =IF(OR(B117="",G117=""),"",G117-B117) -> 0.48 | J117: 22.32 | K117: =IF(COUNTIFS(Release_Calendar!$A$2:$A$755,"US_CPI",Release_Calendar!$B$2:$B$755,$A117)>0,1,0) -> 0 | L117: =IF(COUNTIFS(Release_Calendar!$A$2:$A$755,"US_NFP",Release_Calendar!$B$2:$B$755,$A117)>0,1,0) -> 0 | M117: =IF($A117<Notes!$B$5,"",IF(COUNTIFS(Release_Calendar!$A$2:$A$755,"NZ_CPI",Release_Calendar!$B$2:$B$755,$A117)>0,1,0)) | N117: =IF($A117<Notes!$B$5,"",IF(COUNTIFS(Release_Calendar!$A$2:$A$755,"NZ_GDP",Release_Calendar!$B$2:$B$755,$A117)>0,1,0)) | O117: =IF($A117<Notes!$B$5,"",IF(COUNTIFS(Release_Calendar!$A$2:$A$755,"NZ_LABOUR",Release_Calendar!$B$2:$B$755,$A117)>0,1,0)) | P117: =IF(SUM(K117:O117)>0,1,0) -> 0
A118: 36690 | B118: 6.49 | D118: 6.99 | F118: =IF(OR(B118="",C118=""),"",C118-B118) | G118: =IF(H118=1,IF(D118="","",D118),IF(C118="","",C118)) -> 6.99 | H118: 1 | I118: =IF(OR(B118="",G118=""),"",G118-B118) -> 0.5 | J118: 21.67 | K118: =IF(COUNTIFS(Release_Calendar!$A$2:$A$755,"US_CPI",Release_Calendar!$B$2:$B$755,$A118)>0,1,0) -> 0 | L118: =IF(COUNTIFS(Release_Calendar!$A$2:$A$755,"US_NFP",Release_Calendar!$B$2:$B$755,$A118)>0,1,0) -> 0 | M118: =IF($A118<Notes!$B$5,"",IF(COUNTIFS(Release_Calendar!$A$2:$A$755,"NZ_CPI",Release_Calendar!$B$2:$B$755,$A118)>0,1,0)) | N118: =IF($A118<Notes!$B$5,"",IF(COUNTIFS(Release_Calendar!$A$2:$A$755,"NZ_GDP",Release_Calendar!$B$2:$B$755,$A118)>0,1,0)) | O118: =IF($A118<Notes!$B$5,"",IF(COUNTIFS(Release_Calendar!$A$2:$A$755,"NZ_LABOUR",Release_Calendar!$B$2:$B$755,$A118)>0,1,0)) | P118: =IF(SUM(K118:O118)>0,1,0) -> 0
A119: 36691 | B119: 6.44 | D119: 6.97 | F119: =IF(OR(B119="",C119=""),"",C119-B119) | G119: =IF(H119=1,IF(D119="","",D119),IF(C119="","",C119)) -> 6.97 | H119: 1 | I119: =IF(OR(B119="",G119=""),"",G119-B119) -> 0.53 | J119: 21.48 | K119: =IF(COUNTIFS(Release_Calendar!$A$2:$A$755,"US_CPI",Release_Calendar!$B$2:$B$755,$A119)>0,1,0) -> 1 | L119: =IF(COUNTIFS(Release_Calendar!$A$2:$A$755,"US_NFP",Release_Calendar!$B$2:$B$755,$A119)>0,1,0) -> 0 | M119: =IF($A119<Notes!$B$5,"",IF(COUNTIFS(Release_Calendar!$A$2:$A$755,"NZ_CPI",Release_Calendar!$B$2:$B$755,$A119)>0,1,0)) | N119: =IF($A119<Notes!$B$5,"",IF(COUNTIFS(Release_Calendar!$A$2:$A$755,"NZ_GDP",Release_Calendar!$B$2:$B$755,$A119)>0,1,0)) | O119: =IF($A119<Notes!$B$5,"",IF(COUNTIFS(Release_Calendar!$A$2:$A$755,"NZ_LABOUR",Release_Calendar!$B$2:$B$755,$A119)>0,1,0)) | P119: =IF(SUM(K119:O119)>0,1,0) -> 1
A120: 36692 | B120: 6.44 | D120: 7.02 | F120: =IF(OR(B120="",C120=""),"",C120-B120) | G120: =IF(H120=1,IF(D120="","",D120),IF(C120="","",C120)) -> 7.02 | H120: 1 | I120: =IF(OR(B120="",G120=""),"",G120-B120) -> 0.58 | J120: 20.68 | K120: =IF(COUNTIFS(Release_Calendar!$A$2:$A$755,"US_CPI",Release_Calendar!$B$2:$B$755,$A120)>0,1,0) -> 0 | L120: =IF(COUNTIFS(Release_Calendar!$A$2:$A$755,"US_NFP",Release_Calendar!$B$2:$B$755,$A120)>0,1,0) -> 0 | M120: =IF($A120<Notes!$B$5,"",IF(COUNTIFS(Release_Calendar!$A$2:$A$755,"NZ_CPI",Release_Calendar!$B$2:$B$755,$A120)>0,1,0)) | N120: =IF($A120<Notes!$B$5,"",IF(COUNTIFS(Release_Calendar!$A$2:$A$755,"NZ_GDP",Release_Calendar!$B$2:$B$755,$A120)>0,1,0)) | O120: =IF($A120<Notes!$B$5,"",IF(COUNTIFS(Release_Calendar!$A$2:$A$755,"NZ_LABOUR",Release_Calendar!$B$2:$B$755,$A120)>0,1,0)) | P120: =IF(SUM(K120:O120)>0,1,0) -> 0
A121: 36693 | B121: 6.38 | D121: 7.01 | F121: =IF(OR(B121="",C121=""),"",C121-B121) | G121: =IF(H121=1,IF(D121="","",D121),IF(C121="","",C121)) -> 7.01 | H121: 1 | I121: =IF(OR(B121="",G121=""),"",G121-B121) -> 0.63 | J121: 20.5 | K121: =IF(COUNTIFS(Release_Calendar!$A$2:$A$755,"US_CPI",Release_Calendar!$B$2:$B$755,$A121)>0,1,0) -> 0 | L121: =IF(COUNTIFS(Release_Calendar!$A$2:$A$755,"US_NFP",Release_Calendar!$B$2:$B$755,$A121)>0,1,0) -> 0 | M121: =IF($A121<Notes!$B$5,"",IF(COUNTIFS(Release_Calendar!$A$2:$A$755,"NZ_CPI",Release_Calendar!$B$2:$B$755,$A121)>0,1,0)) | N121: =IF($A121<Notes!$B$5,"",IF(COUNTIFS(Release_Calendar!$A$2:$A$755,"NZ_GDP",Release_Calendar!$B$2:$B$755,$A121)>0,1,0)) | O121: =IF($A121<Notes!$B$5,"",IF(COUNTIFS(Release_Calendar!$A$2:$A$755,"NZ_LABOUR",Release_Calendar!$B$2:$B$755,$A121)>0,1,0)) | P121: =IF(SUM(K121:O121)>0,1,0) -> 0
A122: 36696 | B122: 6.4 | D122: 6.94 | F122: =IF(OR(B122="",C122=""),"",C122-B122) | G122: =IF(H122=1,IF(D122="","",D122),IF(C122="","",C122)) -> 6.94 | H122: 1 | I122: =IF(OR(B122="",G122=""),"",G122-B122) -> 0.54 | J122: 20.63 | K122: =IF(COUNTIFS(Release_Calendar!$A$2:$A$755,"US_CPI",Release_Calendar!$B$2:$B$755,$A122)>0,1,0) -> 0 | L122: =IF(COUNTIFS(Release_Calendar!$A$2:$A$755,"US_NFP",Release_Calendar!$B$2:$B$755,$A122)>0,1,0) -> 0 | M122: =IF($A122<Notes!$B$5,"",IF(COUNTIFS(Release_Calendar!$A$2:$A$755,"NZ_CPI",Release_Calendar!$B$2:$B$755,$A122)>0,1,0)) | N122: =IF($A122<Notes!$B$5,"",IF(COUNTIFS(Release_Calendar!$A$2:$A$755,"NZ_GDP",Release_Calendar!$B$2:$B$755,$A122)>0,1,0)) | O122: =IF($A122<Notes!$B$5,"",IF(COUNTIFS(Release_Calendar!$A$2:$A$755,"NZ_LABOUR",Release_Calendar!$B$2:$B$755,$A122)>0,1,0)) | P122: =IF(SUM(K122:O122)>0,1,0) -> 0
A123: 36697 | B123: 6.43 | D123: 7 | F123: =IF(OR(B123="",C123=""),"",C123-B123) | G123: =IF(H123=1,IF(D123="","",D123),IF(C123="","",C123)) -> 7 | H123: 1 | I123: =IF(OR(B123="",G123=""),"",G123-B123) -> 0.57 | J123: 20.88 | K123: =IF(COUNTIFS(Release_Calendar!$A$2:$A$755,"US_CPI",Release_Calendar!$B$2:$B$755,$A123)>0,1,0) -> 0 | L123: =IF(COUNTIFS(Release_Calendar!$A$2:$A$755,"US_NFP",Release_Calendar!$B$2:$B$755,$A123)>0,1,0) -> 0 | M123: =IF($A123<Notes!$B$5,"",IF(COUNTIFS(Release_Calendar!$A$2:$A$755,"NZ_CPI",Release_Calendar!$B$2:$B$755,$A123)>0,1,0)) | N123: =IF($A123<Notes!$B$5,"",IF(COUNTIFS(Release_Calendar!$A$2:$A$755,"NZ_GDP",Release_Calendar!$B$2:$B$755,$A123)>0,1,0)) | O123: =IF($A123<Notes!$B$5,"",IF(COUNTIFS(Release_Calendar!$A$2:$A$755,"NZ_LABOUR",Release_Calendar!$B$2:$B$755,$A123)>0,1,0)) | P123: =IF(SUM(K123:O123)>0,1,0) -> 0
A124: 36698 | B124: 6.5 | D124: 7.03 | F124: =IF(OR(B124="",C124=""),"",C124-B124) | G124: =IF(H124=1,IF(D124="","",D124),IF(C124="","",C124)) -> 7.03 | H124: 1 | I124: =IF(OR(B124="",G124=""),"",G124-B124) -> 0.53 | J124: 20.61 | K124: =IF(COUNTIFS(Release_Calendar!$A$2:$A$755,"US_CPI",Release_Calendar!$B$2:$B$755,$A124)>0,1,0) -> 0 | L124: =IF(COUNTIFS(Release_Calendar!$A$2:$A$755,"US_NFP",Release_Calendar!$B$2:$B$755,$A124)>0,1,0) -> 0 | M124: =IF($A124<Notes!$B$5,"",IF(COUNTIFS(Release_Calendar!$A$2:$A$755,"NZ_CPI",Release_Calendar!$B$2:$B$755,$A124)>0,1,0)) | N124: =IF($A124<Notes!$B$5,"",IF(COUNTIFS(Release_Calendar!$A$2:$A$755,"NZ_GDP",Release_Calendar!$B$2:$B$755,$A124)>0,1,0)) | O124: =IF($A124<Notes!$B$5,"",IF(COUNTIFS(Release_Calendar!$A$2:$A$755,"NZ_LABOUR",Release_Calendar!$B$2:$B$755,$A124)>0,1,0)) | P124: =IF(SUM(K124:O124)>0,1,0) -> 0
... A132: 36710 | B132: 6.31 | D132: 6.84 | F132: =IF(OR(B132="",C132=""),"",C132-B132) | G132: =IF(H132=1,IF(D132="","",D132),IF(C132="","",C132)) -> 6.84 | H132: 1 | I132: =IF(OR(B132="",G132=""),"",G132-B132) -> 0.53 | J132: 19.83 | K132: =IF(COUNTIFS(Release_Calendar!$A$2:$A$755,"US_CPI",Release_Calendar!$B$2:$B$755,$A132)>0,1,0) -> 0 | L132: =IF(COUNTIFS(Release_Calendar!$A$2:$A$755,"US_NFP",Release_Calendar!$B$2:$B$755,$A132)>0,1,0) -> 0 | M132: =IF($A132<Notes!$B$5,"",IF(COUNTIFS(Release_Calendar!$A$2:$A$755,"NZ_CPI",Release_Calendar!$B$2:$B$755,$A132)>0,1,0)) | N132: =IF($A132<Notes!$B$5,"",IF(COUNTIFS(Release_Calendar!$A$2:$A$755,"NZ_GDP",Release_Calendar!$B$2:$B$755,$A132)>0,1,0)) | O132: =IF($A132<Notes!$B$5,"",IF(COUNTIFS(Release_Calendar!$A$2:$A$755,"NZ_LABOUR",Release_Calendar!$B$2:$B$755,$A132)>0,1,0)) | P132: =IF(SUM(K132:O132)>0,1,0) -> 0
A133: 36711 | D133: 6.79 | F133: =IF(OR(B133="",C133=""),"",C133-B133) | G133: =IF(H133=1,IF(D133="","",D133),IF(C133="","",C133)) -> 6.79 | H133: 1 | I133: =IF(OR(B133="",G133=""),"",G133-B133) | K133: =IF(COUNTIFS(Release_Calendar!$A$2:$A$755,"US_CPI",Release_Calendar!$B$2:$B$755,$A133)>0,1,0) -> 0 | L133: =IF(COUNTIFS(Release_Calendar!$A$2:$A$755,"US_NFP",Release_Calendar!$B$2:$B$755,$A133)>0,1,0) -> 0 | M133: =IF($A133<Notes!$B$5,"",IF(COUNTIFS(Release_Calendar!$A$2:$A$755,"NZ_CPI",Release_Calendar!$B$2:$B$755,$A133)>0,1,0)) | N133: =IF($A133<Notes!$B$5,"",IF(COUNTIFS(Release_Calendar!$A$2:$A$755,"NZ_GDP",Release_Calendar!$B$2:$B$755,$A133)>0,1,0)) | O133: =IF($A133<Notes!$B$5,"",IF(COUNTIFS(Release_Calendar!$A$2:$A$755,"NZ_LABOUR",Release_Calendar!$B$2:$B$755,$A133)>0,1,0)) | P133: =IF(SUM(K133:O133)>0,1,0) -> 0
A134: 36712 | B134: 6.29 | D134: 6.69 | F134: =IF(OR(B134="",C134=""),"",C134-B134) | G134: =IF(H134=1,IF(D134="","",D134),IF(C134="","",C134)) -> 6.69 | H134: 1 | I134: =IF(OR(B134="",G134=""),"",G134-B134) -> 0.4 | J134: 21.16 | K134: =IF(COUNTIFS(Release_Calendar!$A$2:$A$755,"US_CPI",Release_Calendar!$B$2:$B$755,$A134)>0,1,0) -> 0 | L134: =IF(COUNTIFS(Release_Calendar!$A$2:$A$755,"US_NFP",Release_Calendar!$B$2:$B$755,$A134)>0,1,0) -> 0 | M134: =IF($A134<Notes!$B$5,"",IF(COUNTIFS(Release_Calendar!$A$2:$A$755,"NZ_CPI",Release_Calendar!$B$2:$B$755,$A134)>0,1,0)) | N134: =IF($A134<Notes!$B$5,"",IF(COUNTIFS(Release_Calendar!$A$2:$A$755,"NZ_GDP",Release_Calendar!$B$2:$B$755,$A134)>0,1,0)) | O134: =IF($A134<Notes!$B$5,"",IF(COUNTIFS(Release_Calendar!$A$2:$A$755,"NZ_LABOUR",Release_Calendar!$B$2:$B$755,$A134)>0,1,0)) | P134: =IF(SUM(K134:O134)>0,1,0) -> 0
A135: 36713 | B135: 6.34 | D135: 6.77 | F135: =IF(OR(B135="",C135=""),"",C135-B135) | G135: =IF(H135=1,IF(D135="","",D135),IF(C135="","",C135)) -> 6.77 | H135: 1 | I135: =IF(OR(B135="",G135=""),"",G135-B135) -> 0.43 | J135: 20.94 | K135: =IF(COUNTIFS(Release_Calendar!$A$2:$A$755,"US_CPI",Release_Calendar!$B$2:$B$755,$A135)>0,1,0) -> 0 | L135: =IF(COUNTIFS(Release_Calendar!$A$2:$A$755,"US_NFP",Release_Calendar!$B$2:$B$755,$A135)>0,1,0) -> 0 | M135: =IF($A135<Notes!$B$5,"",IF(COUNTIFS(Release_Calendar!$A$2:$A$755,"NZ_CPI",Release_Calendar!$B$2:$B$755,$A135)>0,1,0)) | N135: =IF($A135<Notes!$B$5,"",IF(COUNTIFS(Release_Calendar!$A$2:$A$755,"NZ_GDP",Release_Calendar!$B$2:$B$755,$A135)>0,1,0)) | O135: =IF($A135<Notes!$B$5,"",IF(COUNTIFS(Release_Calendar!$A$2:$A$755,"NZ_LABOUR",Release_Calendar!$B$2:$B$755,$A135)>0,1,0)) | P135: =IF(SUM(K135:O135)>0,1,0) -> 0
A136: 36714 | B136: 6.29 | D136: 6.81 | F136: =IF(OR(B136="",C136=""),"",C136-B136) | G136: =IF(H136=1,IF(D136="","",D136),IF(C136="","",C136)) -> 6.81 | H136: 1 | I136: =IF(OR(B136="",G136=""),"",G136-B136) -> 0.52 | J136: 19.22 | K136: =IF(COUNTIFS(Release_Calendar!$A$2:$A$755,"US_CPI",Release_Calendar!$B$2:$B$755,$A136)>0,1,0) -> 0 | L136: =IF(COUNTIFS(Release_Calendar!$A$2:$A$755,"US_NFP",Release_Calendar!$B$2:$B$755,$A136)>0,1,0) -> 1 | M136: =IF($A136<Notes!$B$5,"",IF(COUNTIFS(Release_Calendar!$A$2:$A$755,"NZ_CPI",Release_Calendar!$B$2:$B$755,$A136)>0,1,0)) | N136: =IF($A136<Notes!$B$5,"",IF(COUNTIFS(Release_Calendar!$A$2:$A$755,"NZ_GDP",Release_Calendar!$B$2:$B$755,$A136)>0,1,0)) | O136: =IF($A136<Notes!$B$5,"",IF(COUNTIFS(Release_Calendar!$A$2:$A$755,"NZ_LABOUR",Release_Calendar!$B$2:$B$755,$A136)>0,1,0)) | P136: =IF(SUM(K136:O136)>0,1,0) -> 1
A137: 36717 | B137: 6.31 | D137: 6.78 | F137: =IF(OR(B137="",C137=""),"",C137-B137) | G137: =IF(H137=1,IF(D137="","",D137),IF(C137="","",C137)) -> 6.78 | H137: 1 | I137: =IF(OR(B137="",G137=""),"",G137-B137) -> 0.47 | J137: 20.33 | K137: =IF(COUNTIFS(Release_Calendar!$A$2:$A$755,"US_CPI",Release_Calendar!$B$2:$B$755,$A137)>0,1,0) -> 0 | L137: =IF(COUNTIFS(Release_Calendar!$A$2:$A$755,"US_NFP",Release_Calendar!$B$2:$B$755,$A137)>0,1,0) -> 0 | M137: =IF($A137<Notes!$B$5,"",IF(COUNTIFS(Release_Calendar!$A$2:$A$755,"NZ_CPI",Release_Calendar!$B$2:$B$755,$A137)>0,1,0)) | N137: =IF($A137<Notes!$B$5,"",IF(COUNTIFS(Release_Calendar!$A$2:$A$755,"NZ_GDP",Release_Calendar!$B$2:$B$755,$A137)>0,1,0)) | O137: =IF($A137<Notes!$B$5,"",IF(COUNTIFS(Release_Calendar!$A$2:$A$755,"NZ_LABOUR",Release_Calendar!$B$2:$B$755,$A137)>0,1,0)) | P137: =IF(SUM(K137:O137)>0,1,0) -> 0
A138: 36718 | B138: 6.32 | D138: 6.79 | F138: =IF(OR(B138="",C138=""),"",C138-B138) | G138: =IF(H138=1,IF(D138="","",D138),IF(C138="","",C138)) -> 6.79 | H138: 1 | I138: =IF(OR(B138="",G138=""),"",G138-B138) -> 0.47 | J138: 20.11 | K138: =IF(COUNTIFS(Release_Calendar!$A$2:$A$755,"US_CPI",Release_Calendar!$B$2:$B$755,$A138)>0,1,0) -> 0 | L138: =IF(COUNTIFS(Release_Calendar!$A$2:$A$755,"US_NFP",Release_Calendar!$B$2:$B$755,$A138)>0,1,0) -> 0 | M138: =IF($A138<Notes!$B$5,"",IF(COUNTIFS(Release_Calendar!$A$2:$A$755,"NZ_CPI",Release_Calendar!$B$2:$B$755,$A138)>0,1,0)) | N138: =IF($A138<Notes!$B$5,"",IF(COUNTIFS(Release_Calendar!$A$2:$A$755,"NZ_GDP",Release_Calendar!$B$2:$B$755,$A138)>0,1,0)) | O138: =IF($A138<Notes!$B$5,"",IF(COUNTIFS(Release_Calendar!$A$2:$A$755,"NZ_LABOUR",Release_Calendar!$B$2:$B$755,$A138)>0,1,0)) | P138: =IF(SUM(K138:O138)>0,1,0) -> 0
A139: 36719 | B139: 6.34 | D139: 6.8 | F139: =IF(OR(B139="",C139=""),"",C139-B139) | G139: =IF(H139=1,IF(D139="","",D139),IF(C139="","",C139)) -> 6.8 | H139: 1 | I139: =IF(OR(B139="",G139=""),"",G139-B139) -> 0.46 | J139: 20.03 | K139: =IF(COUNTIFS(Release_Calendar!$A$2:$A$755,"US_CPI",Release_Calendar!$B$2:$B$755,$A139)>0,1,0) -> 0 | L139: =IF(COUNTIFS(Release_Calendar!$A$2:$A$755,"US_NFP",Release_Calendar!$B$2:$B$755,$A139)>0,1,0) -> 0 | M139: =IF($A139<Notes!$B$5,"",IF(COUNTIFS(Release_Calendar!$A$2:$A$755,"NZ_CPI",Release_Calendar!$B$2:$B$755,$A139)>0,1,0)) | N139: =IF($A139<Notes!$B$5,"",IF(COUNTIFS(Release_Calendar!$A$2:$A$755,"NZ_GDP",Release_Calendar!$B$2:$B$755,$A139)>0,1,0)) | O139: =IF($A139<Notes!$B$5,"",IF(COUNTIFS(Release_Calendar!$A$2:$A$755,"NZ_LABOUR",Release_Calendar!$B$2:$B$755,$A139)>0,1,0)) | P139: =IF(SUM(K139:O139)>0,1,0) -> 0
A140: 36720 | B140: 6.31 | D140: 6.78 | F140: =IF(OR(B140="",C140=""),"",C140-B140) | G140: =IF(H140=1,IF(D140="","",D140),IF(C140="","",C140)) -> 6.78 | H140: 1 | I140: =IF(OR(B140="",G140=""),"",G140-B140) -> 0.47 | J140: 20.03 | K140: =IF(COUNTIFS(Release_Calendar!$A$2:$A$755,"US_CPI",Release_Calendar!$B$2:$B$755,$A140)>0,1,0) -> 0 | L140: =IF(COUNTIFS(Release_Calendar!$A$2:$A$755,"US_NFP",Release_Calendar!$B$2:$B$755,$A140)>0,1,0) -> 0 | M140: =IF($A140<Notes!$B$5,"",IF(COUNTIFS(Release_Calendar!$A$2:$A$755,"NZ_CPI",Release_Calendar!$B$2:$B$755,$A140)>0,1,0)) | N140: =IF($A140<Notes!$B$5,"",IF(COUNTIFS(Release_Calendar!$A$2:$A$755,"NZ_GDP",Release_Calendar!$B$2:$B$755,$A140)>0,1,0)) | O140: =IF($A140<Notes!$B$5,"",IF(COUNTIFS(Release_Calendar!$A$2:$A$755,"NZ_LABOUR",Release_Calendar!$B$2:$B$755,$A140)>0,1,0)) | P140: =IF(SUM(K140:O140)>0,1,0) -> 0
A141: 36721 | B141: 6.41 | D141: 6.79 | F141: =IF(OR(B141="",C141=""),"",C141-B141) | G141: =IF(H141=1,IF(D141="","",D141),IF(C141="","",C141)) -> 6.79 | H141: 1 | I141: =IF(OR(B141="",G141=""),"",G141-B141) -> 0.38 | J141: 19.32 | K141: =IF(COUNTIFS(Release_Calendar!$A$2:$A$755,"US_CPI",Release_Calendar!$B$2:$B$755,$A141)>0,1,0) -> 0 | L141: =IF(COUNTIFS(Release_Calendar!$A$2:$A$755,"US_NFP",Release_Calendar!$B$2:$B$755,$A141)>0,1,0) -> 0 | M141: =IF($A141<Notes!$B$5,"",IF(COUNTIFS(Release_Calendar!$A$2:$A$755,"NZ_CPI",Release_Calendar!$B$2:$B$755,$A141)>0,1,0)) | N141: =IF($A141<Notes!$B$5,"",IF(COUNTIFS(Release_Calendar!$A$2:$A$755,"NZ_GDP",Release_Calendar!$B$2:$B$755,$A141)>0,1,0)) | O141: =IF($A141<Notes!$B$5,"",IF(COUNTIFS(Release_Calendar!$A$2:$A$755,"NZ_LABOUR",Release_Calendar!$B$2:$B$755,$A141)>0,1,0)) | P141: =IF(SUM(K141:O141)>0,1,0) -> 0
A142: 36724 | B142: 6.46 | D142: 6.81 | F142: =IF(OR(B142="",C142=""),"",C142-B142) | G142: =IF(H142=1,IF(D142="","",D142),IF(C142="","",C142)) -> 6.81 | H142: 1 | I142: =IF(OR(B142="",G142=""),"",G142-B142) -> 0.35 | J142: 19.45 | K142: =IF(COUNTIFS(Release_Calendar!$A$2:$A$755,"US_CPI",Release_Calendar!$B$2:$B$755,$A142)>0,1,0) -> 0 | L142: =IF(COUNTIFS(Release_Calendar!$A$2:$A$755,"US_NFP",Release_Calendar!$B$2:$B$755,$A142)>0,1,0) -> 0 | M142: =IF($A142<Notes!$B$5,"",IF(COUNTIFS(Release_Calendar!$A$2:$A$755,"NZ_CPI",Release_Calendar!$B$2:$B$755,$A142)>0,1,0)) | N142: =IF($A142<Notes!$B$5,"",IF(COUNTIFS(Release_Calendar!$A$2:$A$755,"NZ_GDP",Release_Calendar!$B$2:$B$755,$A142)>0,1,0)) | O142: =IF($A142<Notes!$B$5,"",IF(COUNTIFS(Release_Calendar!$A$2:$A$755,"NZ_LABOUR",Release_Calendar!$B$2:$B$755,$A142)>0,1,0)) | P142: =IF(SUM(K142:O142)>0,1,0) -> 0
A143: 36725 | B143: 6.44 | D143: 6.78 | F143: =IF(OR(B143="",C143=""),"",C143-B143) | G143: =IF(H143=1,IF(D143="","",D143),IF(C143="","",C143)) -> 6.78 | H143: 1 | I143: =IF(OR(B143="",G143=""),"",G143-B143) -> 0.34 | J143: 19.75 | K143: =IF(COUNTIFS(Release_Calendar!$A$2:$A$755,"US_CPI",Release_Calendar!$B$2:$B$755,$A143)>0,1,0) -> 1 | L143: =IF(COUNTIFS(Release_Calendar!$A$2:$A$755,"US_NFP",Release_Calendar!$B$2:$B$755,$A143)>0,1,0) -> 0 | M143: =IF($A143<Notes!$B$5,"",IF(COUNTIFS(Release_Calendar!$A$2:$A$755,"NZ_CPI",Release_Calendar!$B$2:$B$755,$A143)>0,1,0)) | N143: =IF($A143<Notes!$B$5,"",IF(COUNTIFS(Release_Calendar!$A$2:$A$755,"NZ_GDP",Release_Calendar!$B$2:$B$755,$A143)>0,1,0)) | O143: =IF($A143<Notes!$B$5,"",IF(COUNTIFS(Release_Calendar!$A$2:$A$755,"NZ_LABOUR",Release_Calendar!$B$2:$B$755,$A143)>0,1,0)) | P143: =IF(SUM(K143:O143)>0,1,0) -> 1
A144: 36726 | B144: 6.46 | D144: 6.78 | F144: =IF(OR(B144="",C144=""),"",C144-B144) | G144: =IF(H144=1,IF(D144="","",D144),IF(C144="","",C144)) -> 6.78 | H144: 1 | I144: =IF(OR(B144="",G144=""),"",G144-B144) -> 0.32 | J144: 19.65 | K144: =IF(COUNTIFS(Release_Calendar!$A$2:$A$755,"US_CPI",Release_Calendar!$B$2:$B$755,$A144)>0,1,0) -> 0 | L144: =IF(COUNTIFS(Release_Calendar!$A$2:$A$755,"US_NFP",Release_Calendar!$B$2:$B$755,$A144)>0,1,0) -> 0 | M144: =IF($A144<Notes!$B$5,"",IF(COUNTIFS(Release_Calendar!$A$2:$A$755,"NZ_CPI",Release_Calendar!$B$2:$B$755,$A144)>0,1,0)) | N144: =IF($A144<Notes!$B$5,"",IF(COUNTIFS(Release_Calendar!$A$2:$A$755,"NZ_GDP",Release_Calendar!$B$2:$B$755,$A144)>0,1,0)) | O144: =IF($A144<Notes!$B$5,"",IF(COUNTIFS(Release_Calendar!$A$2:$A$755,"NZ_LABOUR",Release_Calendar!$B$2:$B$755,$A144)>0,1,0)) | P144: =IF(SUM(K144:O144)>0,1,0) -> 0
A145: 36727 | B145: 6.32 | D145: 6.81 | F145: =IF(OR(B145="",C145=""),"",C145-B145) | G145: =IF(H145=1,IF(D145="","",D145),IF(C145="","",C145)) -> 6.81 | H145: 1 | I145: =IF(OR(B145="",G145=""),"",G145-B145) -> 0.49 | J145: 18.94 | K145: =IF(COUNTIFS(Release_Calendar!$A$2:$A$755,"US_CPI",Release_Calendar!$B$2:$B$755,$A145)>0,1,0) -> 0 | L145: =IF(COUNTIFS(Release_Calendar!$A$2:$A$755,"US_NFP",Release_Calendar!$B$2:$B$755,$A145)>0,1,0) -> 0 | M145: =IF($A145<Notes!$B$5,"",IF(COUNTIFS(Release_Calendar!$A$2:$A$755,"NZ_CPI",Release_Calendar!$B$2:$B$755,$A145)>0,1,0)) | N145: =IF($A145<Notes!$B$5,"",IF(COUNTIFS(Release_Calendar!$A$2:$A$755,"NZ_GDP",Release_Calendar!$B$2:$B$755,$A145)>0,1,0)) | O145: =IF($A145<Notes!$B$5,"",IF(COUNTIFS(Release_Calendar!$A$2:$A$755,"NZ_LABOUR",Release_Calendar!$B$2:$B$755,$A145)>0,1,0)) | P145: =IF(SUM(K145:O145)>0,1,0) -> 0
... A176: 36770 | B176: 6.09 | D176: 6.77 | F176: =IF(OR(B176="",C176=""),"",C176-B176) | G176: =IF(H176=1,IF(D176="","",D176),IF(C176="","",C176)) -> 6.77 | H176: 1 | I176: =IF(OR(B176="",G176=""),"",G176-B176) -> 0.68 | J176: 17.53 | K176: =IF(COUNTIFS(Release_Calendar!$A$2:$A$755,"US_CPI",Release_Calendar!$B$2:$B$755,$A176)>0,1,0) -> 0 | L176: =IF(COUNTIFS(Release_Calendar!$A$2:$A$755,"US_NFP",Release_Calendar!$B$2:$B$755,$A176)>0,1,0) -> 1 | M176: =IF($A176<Notes!$B$5,"",IF(COUNTIFS(Release_Calendar!$A$2:$A$755,"NZ_CPI",Release_Calendar!$B$2:$B$755,$A176)>0,1,0)) | N176: =IF($A176<Notes!$B$5,"",IF(COUNTIFS(Release_Calendar!$A$2:$A$755,"NZ_GDP",Release_Calendar!$B$2:$B$755,$A176)>0,1,0)) | O176: =IF($A176<Notes!$B$5,"",IF(COUNTIFS(Release_Calendar!$A$2:$A$755,"NZ_LABOUR",Release_Calendar!$B$2:$B$755,$A176)>0,1,0)) | P176: =IF(SUM(K176:O176)>0,1,0) -> 1
A177: 36773 | D177: 6.71 | F177: =IF(OR(B177="",C177=""),"",C177-B177) | G177: =IF(H177=1,IF(D177="","",D177),IF(C177="","",C177)) -> 6.71 | H177: 1 | I177: =IF(OR(B177="",G177=""),"",G177-B177) | K177: =IF(COUNTIFS(Release_Calendar!$A$2:$A$755,"US_CPI",Release_Calendar!$B$2:$B$755,$A177)>0,1,0) -> 0 | L177: =IF(COUNTIFS(Release_Calendar!$A$2:$A$755,"US_NFP",Release_Calendar!$B$2:$B$755,$A177)>0,1,0) -> 0 | M177: =IF($A177<Notes!$B$5,"",IF(COUNTIFS(Release_Calendar!$A$2:$A$755,"NZ_CPI",Release_Calendar!$B$2:$B$755,$A177)>0,1,0)) | N177: =IF($A177<Notes!$B$5,"",IF(COUNTIFS(Release_Calendar!$A$2:$A$755,"NZ_GDP",Release_Calendar!$B$2:$B$755,$A177)>0,1,0)) | O177: =IF($A177<Notes!$B$5,"",IF(COUNTIFS(Release_Calendar!$A$2:$A$755,"NZ_LABOUR",Release_Calendar!$B$2:$B$755,$A177)>0,1,0)) | P177: =IF(SUM(K177:O177)>0,1,0) -> 0
A178: 36774 | B178: 6.09 | D178: 6.71 | F178: =IF(OR(B178="",C178=""),"",C178-B178) | G178: =IF(H178=1,IF(D178="","",D178),IF(C178="","",C178)) -> 6.71 | H178: 1 | I178: =IF(OR(B178="",G178=""),"",G178-B178) -> 0.62 | J178: 19.82 | K178: =IF(COUNTIFS(Release_Calendar!$A$2:$A$755,"US_CPI",Release_Calendar!$B$2:$B$755,$A178)>0,1,0) -> 0 | L178: =IF(COUNTIFS(Release_Calendar!$A$2:$A$755,"US_NFP",Release_Calendar!$B$2:$B$755,$A178)>0,1,0) -> 0 | M178: =IF($A178<Notes!$B$5,"",IF(COUNTIFS(Release_Calendar!$A$2:$A$755,"NZ_CPI",Release_Calendar!$B$2:$B$755,$A178)>0,1,0)) | N178: =IF($A178<Notes!$B$5,"",IF(COUNTIFS(Release_Calendar!$A$2:$A$755,"NZ_GDP",Release_Calendar!$B$2:$B$755,$A178)>0,1,0)) | O178: =IF($A178<Notes!$B$5,"",IF(COUNTIFS(Release_Calendar!$A$2:$A$755,"NZ_LABOUR",Release_Calendar!$B$2:$B$755,$A178)>0,1,0)) | P178: =IF(SUM(K178:O178)>0,1,0) -> 0
A179: 36775 | B179: 6.11 | D179: 6.75 | F179: =IF(OR(B179="",C179=""),"",C179-B179) | G179: =IF(H179=1,IF(D179="","",D179),IF(C179="","",C179)) -> 6.75 | H179: 1 | I179: =IF(OR(B179="",G179=""),"",G179-B179) -> 0.64 | J179: 20.79 | K179: =IF(COUNTIFS(Release_Calendar!$A$2:$A$755,"US_CPI",Release_Calendar!$B$2:$B$755,$A179)>0,1,0) -> 0 | L179: =IF(COUNTIFS(Release_Calendar!$A$2:$A$755,"US_NFP",Release_Calendar!$B$2:$B$755,$A179)>0,1,0) -> 0 | M179: =IF($A179<Notes!$B$5,"",IF(COUNTIFS(Release_Calendar!$A$2:$A$755,"NZ_CPI",Release_Calendar!$B$2:$B$755,$A179)>0,1,0)) | N179: =IF($A179<Notes!$B$5,"",IF(COUNTIFS(Release_Calendar!$A$2:$A$755,"NZ_GDP",Release_Calendar!$B$2:$B$755,$A179)>0,1,0)) | O179: =IF($A179<Notes!$B$5,"",IF(COUNTIFS(Release_Calendar!$A$2:$A$755,"NZ_LABOUR",Release_Calendar!$B$2:$B$755,$A179)>0,1,0)) | P179: =IF(SUM(K179:O179)>0,1,0) -> 0
A180: 36776 | B180: 6.14 | D180: 6.83 | F180: =IF(OR(B180="",C180=""),"",C180-B180) | G180: =IF(H180=1,IF(D180="","",D180),IF(C180="","",C180)) -> 6.83 | H180: 1 | I180: =IF(OR(B180="",G180=""),"",G180-B180) -> 0.69 | J180: 19.42 | K180: =IF(COUNTIFS(Release_Calendar!$A$2:$A$755,"US_CPI",Release_Calendar!$B$2:$B$755,$A180)>0,1,0) -> 0 | L180: =IF(COUNTIFS(Release_Calendar!$A$2:$A$755,"US_NFP",Release_Calendar!$B$2:$B$755,$A180)>0,1,0) -> 0 | M180: =IF($A180<Notes!$B$5,"",IF(COUNTIFS(Release_Calendar!$A$2:$A$755,"NZ_CPI",Release_Calendar!$B$2:$B$755,$A180)>0,1,0)) | N180: =IF($A180<Notes!$B$5,"",IF(COUNTIFS(Release_Calendar!$A$2:$A$755,"NZ_GDP",Release_Calendar!$B$2:$B$755,$A180)>0,1,0)) | O180: =IF($A180<Notes!$B$5,"",IF(COUNTIFS(Release_Calendar!$A$2:$A$755,"NZ_LABOUR",Release_Calendar!$B$2:$B$755,$A180)>0,1,0)) | P180: =IF(SUM(K180:O180)>0,1,0) -> 0
A181: 36777 | B181: 6.11 | D181: 6.82 | F181: =IF(OR(B181="",C181=""),"",C181-B181) | G181: =IF(H181=1,IF(D181="","",D181),IF(C181="","",C181)) -> 6.82 | H181: 1 | I181: =IF(OR(B181="",G181=""),"",G181-B181) -> 0.71 | J181: 18.46 | K181: =IF(COUNTIFS(Release_Calendar!$A$2:$A$755,"US_CPI",Release_Calendar!$B$2:$B$755,$A181)>0,1,0) -> 0 | L181: =IF(COUNTIFS(Release_Calendar!$A$2:$A$755,"US_NFP",Release_Calendar!$B$2:$B$755,$A181)>0,1,0) -> 0 | M181: =IF($A181<Notes!$B$5,"",IF(COUNTIFS(Release_Calendar!$A$2:$A$755,"NZ_CPI",Release_Calendar!$B$2:$B$755,$A181)>0,1,0)) | N181: =IF($A181<Notes!$B$5,"",IF(COUNTIFS(Release_Calendar!$A$2:$A$755,"NZ_GDP",Release_Calendar!$B$2:$B$755,$A181)>0,1,0)) | O181: =IF($A181<Notes!$B$5,"",IF(COUNTIFS(Release_Calendar!$A$2:$A$755,"NZ_LABOUR",Release_Calendar!$B$2:$B$755,$A181)>0,1,0)) | P181: =IF(SUM(K181:O181)>0,1,0) -> 0
A182: 36780 | B182: 6.12 | D182: 6.79 | F182: =IF(OR(B182="",C182=""),"",C182-B182) | G182: =IF(H182=1,IF(D182="","",D182),IF(C182="","",C182)) -> 6.79 | H182: 1 | I182: =IF(OR(B182="",G182=""),"",G182-B182) -> 0.67 | J182: 18.4 | K182: =IF(COUNTIFS(Release_Calendar!$A$2:$A$755,"US_CPI",Release_Calendar!$B$2:$B$755,$A182)>0,1,0) -> 0 | L182: =IF(COUNTIFS(Release_Calendar!$A$2:$A$755,"US_NFP",Release_Calendar!$B$2:$B$755,$A182)>0,1,0) -> 0 | M182: =IF($A182<Notes!$B$5,"",IF(COUNTIFS(Release_Calendar!$A$2:$A$755,"NZ_CPI",Release_Calendar!$B$2:$B$755,$A182)>0,1,0)) | N182: =IF($A182<Notes!$B$5,"",IF(COUNTIFS(Release_Calendar!$A$2:$A$755,"NZ_GDP",Release_Calendar!$B$2:$B$755,$A182)>0,1,0)) | O182: =IF($A182<Notes!$B$5,"",IF(COUNTIFS(Release_Calendar!$A$2:$A$755,"NZ_LABOUR",Release_Calendar!$B$2:$B$755,$A182)>0,1,0)) | P182: =IF(SUM(K182:O182)>0,1,0) -> 0
A183: 36781 | B183: 6.12 | D183: 6.79 | F183: =IF(OR(B183="",C183=""),"",C183-B183) | G183: =IF(H183=1,IF(D183="","",D183),IF(C183="","",C183)) -> 6.79 | H183: 1 | I183: =IF(OR(B183="",G183=""),"",G183-B183) -> 0.67 | J183: 18.59 | K183: =IF(COUNTIFS(Release_Calendar!$A$2:$A$755,"US_CPI",Release_Calendar!$B$2:$B$755,$A183)>0,1,0) -> 0 | L183: =IF(COUNTIFS(Release_Calendar!$A$2:$A$755,"US_NFP",Release_Calendar!$B$2:$B$755,$A183)>0,1,0) -> 0 | M183: =IF($A183<Notes!$B$5,"",IF(COUNTIFS(Release_Calendar!$A$2:$A$755,"NZ_CPI",Release_Calendar!$B$2:$B$755,$A183)>0,1,0)) | N183: =IF($A183<Notes!$B$5,"",IF(COUNTIFS(Release_Calendar!$A$2:$A$755,"NZ_GDP",Release_Calendar!$B$2:$B$755,$A183)>0,1,0)) | O183: =IF($A183<Notes!$B$5,"",IF(COUNTIFS(Release_Calendar!$A$2:$A$755,"NZ_LABOUR",Release_Calendar!$B$2:$B$755,$A183)>0,1,0)) | P183: =IF(SUM(K183:O183)>0,1,0) -> 0
A184: 36782 | B184: 6.09 | D184: 6.79 | F184: =IF(OR(B184="",C184=""),"",C184-B184) | G184: =IF(H184=1,IF(D184="","",D184),IF(C184="","",C184)) -> 6.79 | H184: 1 | I184: =IF(OR(B184="",G184=""),"",G184-B184) -> 0.7 | J184: 18.32 | K184: =IF(COUNTIFS(Release_Calendar!$A$2:$A$755,"US_CPI",Release_Calendar!$B$2:$B$755,$A184)>0,1,0) -> 0 | L184: =IF(COUNTIFS(Release_Calendar!$A$2:$A$755,"US_NFP",Release_Calendar!$B$2:$B$755,$A184)>0,1,0) -> 0 | M184: =IF($A184<Notes!$B$5,"",IF(COUNTIFS(Release_Calendar!$A$2:$A$755,"NZ_CPI",Release_Calendar!$B$2:$B$755,$A184)>0,1,0)) | N184: =IF($A184<Notes!$B$5,"",IF(COUNTIFS(Release_Calendar!$A$2:$A$755,"NZ_GDP",Release_Calendar!$B$2:$B$755,$A184)>0,1,0)) | O184: =IF($A184<Notes!$B$5,"",IF(COUNTIFS(Release_Calendar!$A$2:$A$755,"NZ_LABOUR",Release_Calendar!$B$2:$B$755,$A184)>0,1,0)) | P184: =IF(SUM(K184:O184)>0,1,0) -> 0
A185: 36783 | B185: 6.11 | D185: 6.77 | F185: =IF(OR(B185="",C185=""),"",C185-B185) | G185: =IF(H185=1,IF(D185="","",D185),IF(C185="","",C185)) -> 6.77 | H185: 1 | I185: =IF(OR(B185="",G185=""),"",G185-B185) -> 0.66 | J185: 18.26 | K185: =IF(COUNTIFS(Release_Calendar!$A$2:$A$755,"US_CPI",Release_Calendar!$B$2:$B$755,$A185)>0,1,0) -> 0 | L185: =IF(COUNTIFS(Release_Calendar!$A$2:$A$755,"US_NFP",Release_Calendar!$B$2:$B$755,$A185)>0,1,0) -> 0 | M185: =IF($A185<Notes!$B$5,"",IF(COUNTIFS(Release_Calendar!$A$2:$A$755,"NZ_CPI",Release_Calendar!$B$2:$B$755,$A185)>0,1,0)) | N185: =IF($A185<Notes!$B$5,"",IF(COUNTIFS(Release_Calendar!$A$2:$A$755,"NZ_GDP",Release_Calendar!$B$2:$B$755,$A185)>0,1,0)) | O185: =IF($A185<Notes!$B$5,"",IF(COUNTIFS(Release_Calendar!$A$2:$A$755,"NZ_LABOUR",Release_Calendar!$B$2:$B$755,$A185)>0,1,0)) | P185: =IF(SUM(K185:O185)>0,1,0) -> 0
A186: 36784 | B186: 6.07 | D186: 6.82 | F186: =IF(OR(B186="",C186=""),"",C186-B186) | G186: =IF(H186=1,IF(D186="","",D186),IF(C186="","",C186)) -> 6.82 | H186: 1 | I186: =IF(OR(B186="",G186=""),"",G186-B186) -> 0.75 | J186: 18.52 | K186: =IF(COUNTIFS(Release_Calendar!$A$2:$A$755,"US_CPI",Release_Calendar!$B$2:$B$755,$A186)>0,1,0) -> 1 | L186: =IF(COUNTIFS(Release_Calendar!$A$2:$A$755,"US_NFP",Release_Calendar!$B$2:$B$755,$A186)>0,1,0) -> 0 | M186: =IF($A186<Notes!$B$5,"",IF(COUNTIFS(Release_Calendar!$A$2:$A$755,"NZ_CPI",Release_Calendar!$B$2:$B$755,$A186)>0,1,0)) | N186: =IF($A186<Notes!$B$5,"",IF(COUNTIFS(Release_Calendar!$A$2:$A$755,"NZ_GDP",Release_Calendar!$B$2:$B$755,$A186)>0,1,0)) | O186: =IF($A186<Notes!$B$5,"",IF(COUNTIFS(Release_Calendar!$A$2:$A$755,"NZ_LABOUR",Release_Calendar!$B$2:$B$755,$A186)>0,1,0)) | P186: =IF(SUM(K186:O186)>0,1,0) -> 1
A187: 36787 | B187: 6.04 | D187: 6.84 | F187: =IF(OR(B187="",C187=""),"",C187-B187) | G187: =IF(H187=1,IF(D187="","",D187),IF(C187="","",C187)) -> 6.84 | H187: 1 | I187: =IF(OR(B187="",G187=""),"",G187-B187) -> 0.8 | J187: 20.25 | K187: =IF(COUNTIFS(Release_Calendar!$A$2:$A$755,"US_CPI",Release_Calendar!$B$2:$B$755,$A187)>0,1,0) -> 0 | L187: =IF(COUNTIFS(Release_Calendar!$A$2:$A$755,"US_NFP",Release_Calendar!$B$2:$B$755,$A187)>0,1,0) -> 0 | M187: =IF($A187<Notes!$B$5,"",IF(COUNTIFS(Release_Calendar!$A$2:$A$755,"NZ_CPI",Release_Calendar!$B$2:$B$755,$A187)>0,1,0)) | N187: =IF($A187<Notes!$B$5,"",IF(COUNTIFS(Release_Calendar!$A$2:$A$755,"NZ_GDP",Release_Calendar!$B$2:$B$755,$A187)>0,1,0)) | O187: =IF($A187<Notes!$B$5,"",IF(COUNTIFS(Release_Calendar!$A$2:$A$755,"NZ_LABOUR",Release_Calendar!$B$2:$B$755,$A187)>0,1,0)) | P187: =IF(SUM(K187:O187)>0,1,0) -> 0
A188: 36788 | B188: 6.05 | D188: 6.87 | F188: =IF(OR(B188="",C188=""),"",C188-B188) | G188: =IF(H188=1,IF(D188="","",D188),IF(C188="","",C188)) -> 6.87 | H188: 1 | I188: =IF(OR(B188="",G188=""),"",G188-B188) -> 0.82 | J188: 19.54 | K188: =IF(COUNTIFS(Release_Calendar!$A$2:$A$755,"US_CPI",Release_Calendar!$B$2:$B$755,$A188)>0,1,0) -> 0 | L188: =IF(COUNTIFS(Release_Calendar!$A$2:$A$755,"US_NFP",Release_Calendar!$B$2:$B$755,$A188)>0,1,0) -> 0 | M188: =IF($A188<Notes!$B$5,"",IF(COUNTIFS(Release_Calendar!$A$2:$A$755,"NZ_CPI",Release_Calendar!$B$2:$B$755,$A188)>0,1,0)) | N188: =IF($A188<Notes!$B$5,"",IF(COUNTIFS(Release_Calendar!$A$2:$A$755,"NZ_GDP",Release_Calendar!$B$2:$B$755,$A188)>0,1,0)) | O188: =IF($A188<Notes!$B$5,"",IF(COUNTIFS(Release_Calendar!$A$2:$A$755,"NZ_LABOUR",Release_Calendar!$B$2:$B$755,$A188)>0,1,0)) | P188: =IF(SUM(K188:O188)>0,1,0) -> 0
...

Sheet Release_Calendar
A1: indicator | B1: local_release_date | C1: local_time | D1: time_zone | E1: release_time_utc | F1: release_time_new_york | G1: us_eastern_date | H1: reference_period | I1: source
A2: US_NFP | B2: 36532 | C2: 08:30 | D2: America/New_York | E2: 36532.562 | F2: 36532.354 | G2: 36532 | I2: ALFRED vintage dates for PAYEMS (St. Louis Fed)
A3: US_CPI | B3: 36539 | C3: 08:30 | D3: America/New_York | E3: 36539.562 | F3: 36539.354 | G3: 36539 | I3: ALFRED vintage dates for CPIAUCNS (St. Louis Fed)
A4: US_NFP | B4: 36560 | C4: 08:30 | D4: America/New_York | E4: 36560.562 | F4: 36560.354 | G4: 36560 | I4: ALFRED vintage dates for PAYEMS (St. Louis Fed)
A5: US_CPI | B5: 36574 | C5: 08:30 | D5: America/New_York | E5: 36574.562 | F5: 36574.354 | G5: 36574 | I5: ALFRED vintage dates for CPIAUCNS (St. Louis Fed)
A6: US_NFP | B6: 36588 | C6: 08:30 | D6: America/New_York | E6: 36588.562 | F6: 36588.354 | G6: 36588 | I6: ALFRED vintage dates for PAYEMS (St. Louis Fed)
A7: US_CPI | B7: 36602 | C7: 08:30 | D7: America/New_York | E7: 36602.562 | F7: 36602.354 | G7: 36602 | I7: ALFRED vintage dates for CPIAUCNS (St. Louis Fed)
A8: US_NFP | B8: 36623 | C8: 08:30 | D8: America/New_York | E8: 36623.521 | F8: 36623.354 | G8: 36623 | I8: ALFRED vintage dates for PAYEMS (St. Louis Fed)
A9: US_CPI | B9: 36630 | C9: 08:30 | D9: America/New_York | E9: 36630.521 | F9: 36630.354 | G9: 36630 | I9: ALFRED vintage dates for CPIAUCNS (St. Louis Fed)
A10: US_NFP | B10: 36651 | C10: 08:30 | D10: America/New_York | E10: 36651.521 | F10: 36651.354 | G10: 36651 | I10: ALFRED vintage dates for PAYEMS (St. Louis Fed)
A11: US_CPI | B11: 36662 | C11: 08:30 | D11: America/New_York | E11: 36662.521 | F11: 36662.354 | G11: 36662 | I11: ALFRED vintage dates for CPIAUCNS (St. Louis Fed)
A12: US_NFP | B12: 36679 | C12: 08:30 | D12: America/New_York | E12: 36679.521 | F12: 36679.354 | G12: 36679 | I12: ALFRED vintage dates for PAYEMS (St. Louis Fed)
A13: US_CPI | B13: 36691 | C13: 08:30 | D13: America/New_York | E13: 36691.521 | F13: 36691.354 | G13: 36691 | I13: ALFRED vintage dates for CPIAUCNS (St. Louis Fed)
... A421: US_CPI | B421: 42900 | C421: 08:30 | D421: America/New_York | E421: 42900.521 | F421: 42900.354 | G421: 42900 | I421: ALFRED vintage dates for CPIAUCNS (St. Louis Fed)
A422: NZ_GDP | B422: 42901 | C422: 10:45 | D422: Pacific/Auckland | E422: 42900.948 | F422: 42900.781 | G422: 42900 | H422: March 2017 quarter | I422: Stats NZ information releases (stats.govt.nz)
A423: US_NFP | B423: 42923 | C423: 08:30 | D423: America/New_York | E423: 42923.521 | F423: 42923.354 | G423: 42923 | I423: ALFRED vintage dates for PAYEMS (St. Louis Fed)
A424: US_CPI | B424: 42930 | C424: 08:30 | D424: America/New_York | E424: 42930.521 | F424: 42930.354 | G424: 42930 | I424: ALFRED vintage dates for CPIAUCNS (St. Louis Fed)
A425: NZ_CPI | B425: 42934 | C425: 10:45 | D425: Pacific/Auckland | E425: 42933.948 | F425: 42933.781 | G425: 42933 | H425: June 2017 quarter | I425: Stats NZ information releases (stats.govt.nz)
A426: NZ_LABOUR | B426: 42949 | C426: 10:45 | D426: Pacific/Auckland | E426: 42948.948 | F426: 42948.781 | G426: 42948 | H426: June 2017 quarter | I426: Stats NZ information releases (stats.govt.nz)
A427: US_NFP | B427: 42951 | C427: 08:30 | D427: America/New_York | E427: 42951.521 | F427: 42951.354 | G427: 42951 | I427: ALFRED vintage dates for PAYEMS (St. Louis Fed)
A428: US_CPI | B428: 42958 | C428: 08:30 | D428: America/New_York | E428: 42958.521 | F428: 42958.354 | G428: 42958 | I428: ALFRED vintage dates for CPIAUCNS (St. Louis Fed)
A429: US_NFP | B429: 42979 | C429: 08:30 | D429: America/New_York | E429: 42979.521 | F429: 42979.354 | G429: 42979 | I429: ALFRED vintage dates for PAYEMS (St. Louis Fed)
A430: US_CPI | B430: 42992 | C430: 08:30 | D430: America/New_York | E430: 42992.521 | F430: 42992.354 | G430: 42992 | I430: ALFRED vintage dates for CPIAUCNS (St. Louis Fed)
A431: NZ_GDP | B431: 42999 | C431: 10:45 | D431: Pacific/Auckland | E431: 42998.948 | F431: 42998.781 | G431: 42998 | H431: June 2017 quarter | I431: Stats NZ information releases (stats.govt.nz)
A432: US_NFP | B432: 43014 | C432: 08:30 | D432: America/New_York | E432: 43014.521 | F432: 43014.354 | G432: 43014 | I432: ALFRED vintage dates for PAYEMS (St. Louis Fed)
A433: US_CPI | B433: 43021 | C433: 08:30 | D433: America/New_York | E433: 43021.521 | F433: 43021.354 | G433: 43021 | I433: ALFRED vintage dates for CPIAUCNS (St. Louis Fed)
A434: NZ_CPI | B434: 43025 | C434: 10:45 | D434: Pacific/Auckland | E434: 43024.906 | F434: 43024.74 | G434: 43024 | H434: September 2017 quarter | I434: Stats NZ information releases (stats.govt.nz)
A435: NZ_LABOUR | B435: 43040 | C435: 10:45 | D435: Pacific/Auckland | E435: 43039.906 | F435: 43039.74 | G435: 43039 | H435: September 2017 quarter | I435: Stats NZ information releases (stats.govt.nz)
A436: US_NFP | B436: 43042 | C436: 08:30 | D436: America/New_York | E436: 43042.521 | F436: 43042.354 | G436: 43042 | I436: ALFRED vintage dates for PAYEMS (St. Louis Fed)
A437: US_CPI | B437: 43054 | C437: 08:30 | D437: America/New_York | E437: 43054.562 | F437: 43054.354 | G437: 43054 | I437: ALFRED vintage dates for CPIAUCNS (St. Louis Fed)
A438: US_NFP | B438: 43077 | C438: 08:30 | D438: America/New_York | E438: 43077.562 | F438: 43077.354 | G438: 43077 | I438: ALFRED vintage dates for PAYEMS (St. Louis Fed)
A439: US_CPI | B439: 43082 | C439: 08:30 | D439: America/New_York | E439: 43082.562 | F439: 43082.354 | G439: 43082 | I439: ALFRED vintage dates for CPIAUCNS (St. Louis Fed)
A440: NZ_GDP | B440: 43090 | C440: 10:45 | D440: Pacific/Auckland | E440: 43089.906 | F440: 43089.698 | G440: 43089 | H440: September 2017 quarter | I440: Stats NZ information releases (stats.govt.nz)
A441: US_NFP | B441: 43105 | C441: 08:30 | D441: America/New_York | E441: 43105.562 | F441: 43105.354 | G441: 43105 | I441: ALFRED vintage dates for PAYEMS (St. Louis Fed)
A442: US_CPI | B442: 43112 | C442: 08:30 | D442: America/New_York | E442: 43112.562 | F442: 43112.354 | G442: 43112 | I442: ALFRED vintage dates for CPIAUCNS (St. Louis Fed)
A443: NZ_CPI | B443: 43125 | C443: 10:45 | D443: Pacific/Auckland | E443: 43124.906 | F443: 43124.698 | G443: 43124 | H443: December 2017 quarter | I443: Stats NZ information releases (stats.govt.nz)
A444: US_NFP | B444: 43133 | C444: 08:30 | D444: America/New_York | E444: 43133.562 | F444: 43133.354 | G444: 43133 | I444: ALFRED vintage dates for PAYEMS (St. Louis Fed)
A445: NZ_LABOUR | B445: 43138 | C445: 10:45 | D445: Pacific/Auckland | E445: 43137.906 | F445: 43137.698 | G445: 43137 | H445: December 2017 quarter | I445: Stats NZ information releases (stats.govt.nz)
A446: US_CPI | B446: 43145 | C446: 08:30 | D446: America/New_York | E446: 43145.562 | F446: 43145.354 | G446: 43145 | I446: ALFRED vintage dates for CPIAUCNS (St. Louis Fed)
A447: US_NFP | B447: 43168 | C447: 08:30 | D447: America/New_York | E447: 43168.562 | F447: 43168.354 | G447: 43168 | I447: ALFRED vintage dates for PAYEMS (St. Louis Fed)
A448: US_CPI | B448: 43172 | C448: 08:30 | D448: America/New_York | E448: 43172.521 | F448: 43172.354 | G448: 43172 | I448: ALFRED vintage dates for CPIAUCNS (St. Louis Fed)
A449: NZ_GDP | B449: 43174 | C449: 10:45 | D449: Pacific/Auckland | E449: 43173.906 | F449: 43173.74 | G449: 43173 | H449: December 2017 quarter | I449: Stats NZ information releases (stats.govt.nz)
A450: US_NFP | B450: 43196 | C450: 08:30 | D450: America/New_York | E450: 43196.521 | F450: 43196.354 | G450: 43196 | I450: ALFRED vintage dates for PAYEMS (St. Louis Fed)
A451: US_CPI | B451: 43201 | C451: 08:30 | D451: America/New_York | E451: 43201.521 | F451: 43201.354 | G451: 43201 | I451: ALFRED vintage dates for CPIAUCNS (St. Louis Fed)
A452: NZ_CPI | B452: 43209 | C452: 10:45 | D452: Pacific/Auckland | E452: 43208.948 | F452: 43208.781 | G452: 43208 | H452: March 2018 quarter | I452: Stats NZ information releases (stats.govt.nz)
A453: NZ_LABOUR | B453: 43222 | C453: 10:45 | D453: Pacific/Auckland | E453: 43221.948 | F453: 43221.781 | G453: 43221 | H453: March 2018 quarter | I453: Stats NZ information releases (stats.govt.nz)
A454: US_NFP | B454: 43224 | C454: 08:30 | D454: America/New_York | E454: 43224.521 | F454: 43224.354 | G454: 43224 | I454: ALFRED vintage dates for PAYEMS (St. Louis Fed)
A455: US_CPI | B455: 43230 | C455: 08:30 | D455: America/New_York | E455: 43230.521 | F455: 43230.354 | G455: 43230 | I455: ALFRED vintage dates for CPIAUCNS (St. Louis Fed)
A456: US_NFP | B456: 43252 | C456: 08:30 | D456: America/New_York | E456: 43252.521 | F456: 43252.354 | G456: 43252 | I456: ALFRED vintage dates for PAYEMS (St. Louis Fed)
A457: US_CPI | B457: 43263 | C457: 08:30 | D457: America/New_York | E457: 43263.521 | F457: 43263.354 | G457: 43263 | I457: ALFRED vintage dates for CPIAUCNS (St. Louis Fed)
A458: NZ_GDP | B458: 43272 | C458: 10:45 | D458: Pacific/Auckland | E458: 43271.948 | F458: 43271.781 | G458: 43271 | H458: March 2018 quarter | I458: Stats NZ information releases (stats.govt.nz)
A459: US_NFP | B459: 43287 | C459: 08:30 | D459: America/New_York | E459: 43287.521 | F459: 43287.354 | G459: 43287 | I459: ALFRED vintage dates for PAYEMS (St. Louis Fed)
A460: US_CPI | B460: 43293 | C460: 08:30 | D460: America/New_York | E460: 43293.521 | F460: 43293.354 | G460: 43293 | I460: ALFRED vintage dates for CPIAUCNS (St. Louis Fed)
A461: NZ_CPI | B461: 43298 | C461: 10:45 | D461: Pacific/Auckland | E461: 43297.948 | F461: 43297.781 | G461: 43297 | H461: June 2018 quarter | I461: Stats NZ information releases (stats.govt.nz)
A462: NZ_LABOUR | B462: 43313 | C462: 10:45 | D462: Pacific/Auckland | E462: 43312.948 | F462: 43312.781 | G462: 43312 | H462: June 2018 quarter | I462: Stats NZ information releases (stats.govt.nz)
A463: US_NFP | B463: 43315 | C463: 08:30 | D463: America/New_York | E463: 43315.521 | F463: 43315.354 | G463: 43315 | I463: ALFRED vintage dates for PAYEMS (St. Louis Fed)
A464: US_CPI | B464: 43322 | C464: 08:30 | D464: America/New_York | E464: 43322.521 | F464: 43322.354 | G464: 43322 | I464: ALFRED vintage dates for CPIAUCNS (St. Louis Fed)
A465: US_NFP | B465: 43350 | C465: 08:30 | D465: America/New_York | E465: 43350.521 | F465: 43350.354 | G465: 43350 | I465: ALFRED vintage dates for PAYEMS (St. Louis Fed)
A466: US_CPI | B466: 43356 | C466: 08:30 | D466: America/New_York | E466: 43356.521 | F466: 43356.354 | G466: 43356 | I466: ALFRED vintage dates for CPIAUCNS (St. Louis Fed)
A467: NZ_GDP | B467: 43363 | C467: 10:45 | D467: Pacific/Auckland | E467: 43362.948 | F467: 43362.781 | G467: 43362 | H467: June 2018 quarter | I467: Stats NZ information releases (stats.govt.nz)
A468: US_NFP | B468: 43378 | C468: 08:30 | D468: America/New_York | E468: 43378.521 | F468: 43378.354 | G468: 43378 | I468: ALFRED vintage dates for PAYEMS (St. Louis Fed)
A469: US_CPI | B469: 43384 | C469: 08:30 | D469: America/New_York | E469: 43384.521 | F469: 43384.354 | G469: 43384 | I469: ALFRED vintage dates for CPIAUCNS (St. Louis Fed)
A470: NZ_CPI | B470: 43389 | C470: 10:45 | D470: Pacific/Auckland | E470: 43388.906 | F470: 43388.74 | G470: 43388 | H470: September 2018 quarter | I470: Stats NZ information releases (stats.govt.nz)
A471: US_NFP | B471: 43406 | C471: 08:30 | D471: America/New_York | E471: 43406.521 | F471: 43406.354 | G471: 43406 | I471: ALFRED vintage dates for PAYEMS (St. Louis Fed)
A472: NZ_LABOUR | B472: 43411 | C472: 10:45 | D472: Pacific/Auckland | E472: 43410.906 | F472: 43410.698 | G472: 43410 | H472: September 2018 quarter | I472: Stats NZ information releases (stats.govt.nz)
A473: US_CPI | B473: 43418 | C473: 08:30 | D473: America/New_York | E473: 43418.562 | F473: 43418.354 | G473: 43418 | I473: ALFRED vintage dates for CPIAUCNS (St. Louis Fed)
A474: US_NFP | B474: 43441 | C474: 08:30 | D474: America/New_York | E474: 43441.562 | F474: 43441.354 | G474: 43441 | I474: ALFRED vintage dates for PAYEMS (St. Louis Fed)
A475: US_CPI | B475: 43446 | C475: 08:30 | D475: America/New_York | E475: 43446.562 | F475: 43446.354 | G475: 43446 | I475: ALFRED vintage dates for CPIAUCNS (St. Louis Fed)
A476: NZ_GDP | B476: 43454 | C476: 10:45 | D476: Pacific/Auckland | E476: 43453.906 | F476: 43453.698 | G476: 43453 | H476: September 2018 quarter | I476: Stats NZ information releases (stats.govt.nz)
A477: US_NFP | B477: 43469 | C477: 08:30 | D477: America/New_York | E477: 43469.562 | F477: 43469.354 | G477: 43469 | I477: ALFRED vintage dates for PAYEMS (St. Louis Fed)
A478: US_CPI | B478: 43476 | C478: 08:30 | D478: America/New_York | E478: 43476.562 | F478: 43476.354 | G478: 43476 | I478: ALFRED vintage dates for CPIAUCNS (St. Louis Fed)
A479: NZ_CPI | B479: 43488 | C479: 10:45 | D479: Pacific/Auckland | E479: 43487.906 | F479: 43487.698 | G479: 43487 | H479: December 2018 quarter | I479: Stats NZ information releases (stats.govt.nz)
A480: US_NFP | B480: 43497 | C480: 08:30 | D480: America/New_York | E480: 43497.562 | F480: 43497.354 | G480: 43497 | I480: ALFRED vintage dates for PAYEMS (St. Louis Fed)
A481: NZ_LABOUR | B481: 43503 | C481: 10:45 | D481: Pacific/Auckland | E481: 43502.906 | F481: 43502.698 | G481: 43502 | H481: December 2018 quarter | I481: Stats NZ information releases (stats.govt.nz)
A482: US_CPI | B482: 43509 | C482: 08:30 | D482: America/New_York | E482: 43509.562 | F482: 43509.354 | G482: 43509 | I482: ALFRED vintage dates for CPIAUCNS (St. Louis Fed)
A483: US_NFP | B483: 43532 | C483: 08:30 | D483: America/New_York | E483: 43532.562 | F483: 43532.354 | G483: 43532 | I483: ALFRED vintage dates for PAYEMS (St. Louis Fed)
A484: US_CPI | B484: 43536 | C484: 08:30 | D484: America/New_York | E484: 43536.521 | F484: 43536.354 | G484: 43536 | I484: ALFRED vintage dates for CPIAUCNS (St. Louis Fed)
A485: NZ_GDP | B485: 43545 | C485: 10:45 | D485: Pacific/Auckland | E485: 43544.906 | F485: 43544.74 | G485: 43544 | H485: December 2018 quarter | I485: Stats NZ information releases (stats.govt.nz)
A486: US_NFP | B486: 43560 | C486: 08:30 | D486: America/New_York | E486: 43560.521 | F486: 43560.354 | G486: 43560 | I486: ALFRED vintage dates for PAYEMS (St. Louis Fed)
A487: US_CPI | B487: 43565 | C487: 08:30 | D487: America/New_York | E487: 43565.521 | F487: 43565.354 | G487: 43565 | I487: ALFRED vintage dates for CPIAUCNS (St. Louis Fed)
A488: NZ_CPI | B488: 43572 | C488: 10:45 | D488: Pacific/Auckland | E488: 43571.948 | F488: 43571.781 | G488: 43571 | H488: March 2019 quarter | I488: Stats NZ information releases (stats.govt.nz)
A489: NZ_LABOUR | B489: 43586 | C489: 10:45 | D489: Pacific/Auckland | E489: 43585.948 | F489: 43585.781 | G489: 43585 | H489: March 2019 quarter | I489: Stats NZ information releases (stats.govt.nz)
A490: US_NFP | B490: 43588 | C490: 08:30 | D490: America/New_York | E490: 43588.521 | F490: 43588.354 | G490: 43588 | I490: ALFRED vintage dates for PAYEMS (St. Louis Fed)
A491: US_CPI | B491: 43595 | C491: 08:30 | D491: America/New_York | E491: 43595.521 | F491: 43595.354 | G491: 43595 | I491: ALFRED vintage dates for CPIAUCNS (St. Louis Fed)
A492: US_NFP | B492: 43623 | C492: 08:30 | D492: America/New_York | E492: 43623.521 | F492: 43623.354 | G492: 43623 | I492: ALFRED vintage dates for PAYEMS (St. Louis Fed)
A493: US_CPI | B493: 43628 | C493: 08:30 | D493: America/New_York | E493: 43628.521 | F493: 43628.354 | G493: 43628 | I493: ALFRED vintage dates for CPIAUCNS (St. Louis Fed)
A494: NZ_GDP | B494: 43636 | C494: 10:45 | D494: Pacific/Auckland | E494: 43635.948 | F494: 43635.781 | G494: 43635 | H494: March 2019 quarter | I494: Stats NZ information releases (stats.govt.nz)
A495: US_NFP | B495: 43651 | C495: 08:30 | D495: America/New_York | E495: 43651.521 | F495: 43651.354 | G495: 43651 | I495: ALFRED vintage dates for PAYEMS (St. Louis Fed)
A496: US_CPI | B496: 43657 | C496: 08:30 | D496: America/New_York | E496: 43657.521 | F496: 43657.354 | G496: 43657 | I496: ALFRED vintage dates for CPIAUCNS (St. Louis Fed)
A497: NZ_CPI | B497: 43662 | C497: 10:45 | D497: Pacific/Auckland | E497: 43661.948 | F497: 43661.781 | G497: 43661 | H497: June 2019 quarter | I497: Stats NZ information releases (stats.govt.nz)
A498: US_NFP | B498: 43679 | C498: 08:30 | D498: America/New_York | E498: 43679.521 | F498: 43679.354 | G498: 43679 | I498: ALFRED vintage dates for PAYEMS (St. Louis Fed)
A499: NZ_LABOUR | B499: 43683 | C499: 10:45 | D499: Pacific/Auckland | E499: 43682.948 | F499: 43682.781 | G499: 43682 | H499: June 2019 quarter | I499: Stats NZ information releases (stats.govt.nz)
A500: US_CPI | B500: 43690 | C500: 08:30 | D500: America/New_York | E500: 43690.521 | F500: 43690.354 | G500: 43690 | I500: ALFRED vintage dates for CPIAUCNS (St. Louis Fed)
A501: US_NFP | B501: 43714 | C501: 08:30 | D501: America/New_York | E501: 43714.521 | F501: 43714.354 | G501: 43714 | I501: ALFRED vintage dates for PAYEMS (St. Louis Fed)
A502: US_CPI | B502: 43720 | C502: 08:30 | D502: America/New_York | E502: 43720.521 | F502: 43720.354 | G502: 43720 | I502: ALFRED vintage dates for CPIAUCNS (St. Louis Fed)
A503: NZ_GDP | B503: 43727 | C503: 10:45 | D503: Pacific/Auckland | E503: 43726.948 | F503: 43726.781 | G503: 43726 | H503: June 2019 quarter | I503: Stats NZ information releases (stats.govt.nz)
A504: US_NFP | B504: 43742 | C504: 08:30 | D504: America/New_York | E504: 43742.521 | F504: 43742.354 | G504: 43742 | I504: ALFRED vintage dates for PAYEMS (St. Louis Fed)
A505: US_CPI | B505: 43748 | C505: 08:30 | D505: America/New_York | E505: 43748.521 | F505: 43748.354 | G505: 43748 | I505: ALFRED vintage dates for CPIAUCNS (St. Louis Fed)
A506: NZ_CPI | B506: 43754 | C506: 10:45 | D506: Pacific/Auckland | E506: 43753.906 | F506: 43753.74 | G506: 43753 | H506: September 2019 quarter | I506: Stats NZ information releases (stats.govt.nz)
A507: US_NFP | B507: 43770 | C507: 08:30 | D507: America/New_York | E507: 43770.521 | F507: 43770.354 | G507: 43770 | I507: ALFRED vintage dates for PAYEMS (St. Louis Fed)
...

Sheet Splice_Check
A1: Overlap check for splicing NZ 2y government bond yield (pre-2011) with NZ 2y swap
A3: Overlap window | B3: 5 Jan 2011 to 29 Dec 2017 (both NZ series available)
A4: Days with both swap and govt 11am | B4: 1466
A5: Mean spread swap minus govt 11am (pp) | B5: 0.213
A6: Std dev of spread (pp) | B6: 0.136
A7: Min / max spread (pp) | B7: -0.27 / 0.55
A8: Level correlation swap vs govt 11am | B8: 0.963
A9: Daily-change correlation swap vs govt 11am | B9: 0.526
A10: Daily-change correlation swap vs govt close | B10: 0.778
A11: Spread at splice: 5 Jan 2011 (swap 3.78, govt 3.97) | B11: -0.19
A14: Spread by year (swap minus govt 11am, pp)
A15: year | B15: mean | C15: std dev | D15: days
A16: 2011 | B16: 0.126 | C16: 0.186 | D16: 252
A17: 2012 | B17: 0.149 | C17: 0.118 | D17: 251
A18: 2013 | B18: 0.375 | C18: 0.079 | D18: 200
A19: 2014 | B19: 0.275 | C19: 0.02 | D19: 11
A20: 2015 | B20: 0.291 | C20: 0.092 | D20: 251
A21: 2016 | B21: 0.176 | C21: 0.047 | D21: 251
A22: 2017 | B22: 0.192 | C22: 0.062 | D22: 250
